0.0,0,0,0,0
0.0007770061492919922,-0.031201567749160136,-0.002192578125,0.0007216783216783217,0.0
0.001773834228515625,-0.031167973124300113,-0.002192578125,0.0007206293706293706,0.0
0.001773834228515625,-0.031167973124300113,-0.002192578125,0.0007206293706293706,0.0
0.003768444061279297,-0.031201567749160136,-0.002192578125,0.0007216783216783217,0.0
0.004766225814819336,-0.031167973124300113,-0.002192578125,0.0007206293706293706,0.0
0.005761623382568359,-0.031167973124300113,0.0261953125,0.0007206293706293706,0.0
0.006758928298950195,-0.031123180291153418,-0.00218984375,0.0007199300699300699,0.0
0.0077610015869140625,-0.031123180291153418,-0.002187890625,0.0007199300699300699,0.0
0.008753538131713867,-0.031111982082866745,-0.002187109375,0.0007199300699300699,0.0
0.009752035140991211,-0.031111982082866745,-0.002187109375,0.0007199300699300699,0.0
0.01074838638305664,-0.031100783874580068,-0.00218671875,0.0007199300699300699,0.0
0.01174616813659668,-0.031100783874580068,-0.00218671875,0.0007202797202797203,0.0
0.014738082885742188,-0.031123180291153418,-0.002188671875,0.0007202797202797203,0.0
0.014738082885742188,-0.031123180291153418,-0.00219140625,0.0007199300699300699,0.0
0.01573657989501953,-0.031123180291153418,-0.00219140625,0.0007199300699300699,0.0
0.016733646392822266,-0.031123180291153418,-0.002190625,0.0007199300699300699,0.0
0.017731189727783203,-0.031111982082866745,-0.002190234375,0.0007199300699300699,0.0
0.017731189727783203,-0.031111982082866745,-0.002190234375,0.0007199300699300699,0.0
0.018727779388427734,-0.031111982082866745,-0.00218984375,0.0007206293706293706,0.0
0.018727779388427734,-0.031123180291153418,-0.00218984375,0.0007206293706293706,0.0
0.02172374725341797,-0.031123180291153418,-0.00219140625,0.000722027972027972,0.0
0.024710893630981445,-0.031167973124300113,-0.0021921875,0.000722027972027972,0.0
0.025708913803100586,-0.031167973124300113,-0.0021921875,0.0007223776223776224,0.0
0.028700590133666992,-0.031179171332586787,-0.00219140625,0.000722027972027972,0.0
0.03269028663635254,-0.031179171332586787,-0.00219140625,0.000722027972027972,0.0
0.08676385879516602,-0.031167973124300113,-0.002191796875,0.0007213286713286713,0.0
0.13947272300720215,-0.031167973124300113,-0.00219375,0.0007213286713286713,0.0
0.1922624111175537,-0.031201567749160136,-0.00219375,0.0007206293706293706,0.0
0.24619245529174805,-0.031201567749160136,-0.0021921875,0.0007199300699300699,0.0
0.29903221130371094,-0.031223964165733486,-0.0021921875,0.0007199300699300699,0.0
0.35283350944519043,-0.03121276595744681,-0.00218984375,0.0007195804195804196,0.0
0.4056968688964844,-0.03121276595744681,-0.00218984375,0.0007195804195804196,0.0
0.4586198329925537,-0.031246360582306832,-0.00218984375,0.0007195804195804196,0.0
0.5124719142913818,-0.031246360582306832,-0.0021890625,0.0007195804195804196,0.0
0.5653347969055176,-0.03132474804031355,-0.0021890625,0.0007192307692307692,0.0
0.6181943416595459,-0.03132474804031355,-0.00218828125,0.0007195804195804196,0.0
0.6720108985900879,-0.03138073908174692,-0.0021875,0.0007195804195804196,0.0
0.7248382568359375,-0.03138073908174692,-0.0021875,0.0007202797202797203,0.0
0.7789127826690674,-0.03145912653975364,-0.0021875,0.0007202797202797203,0.0
0.8317735195159912,-0.03145912653975364,-0.0021875,0.0007202797202797203,0.0
0.8854084014892578,-0.03150391937290034,-0.002188671875,0.0007202797202797203,0.0
0.9383368492126465,-0.03150391937290034,-0.0021890625,0.000720979020979021,0.0
0.9911971092224121,-0.031537513997760364,-0.0021890625,0.0007213286713286713,0.0
1.0449821949005127,-0.03155991041433371,-0.0021890625,0.0007213286713286713,0.0
1.0979104042053223,-0.03155991041433371,-0.0021890625,0.0007213286713286713,0.0
1.1507670879364014,-0.03155991041433371,-0.002189453125,0.0007213286713286713,0.0
1.2046263217926025,-0.03155991041433371,-0.002187890625,0.000720979020979021,0.0
1.257479190826416,-0.03152631578947369,-0.002187890625,0.0007206293706293706,0.0
1.311469554901123,-0.03152631578947369,-0.0021890625,0.0007206293706293706,0.0
1.3643519878387451,-0.03152631578947369,-0.002188671875,0.0007202797202797203,0.0
1.417043924331665,-0.03152631578947369,-0.002188671875,0.0007202797202797203,0.0
1.4709084033966064,-0.03154871220604703,-0.002190234375,0.0007206293706293706,0.0
1.5237650871276855,-0.03154871220604703,-0.002190234375,0.0007206293706293706,196.08
1.5776944160461426,-0.031582306830907056,-0.002193359375,0.0007206293706293706,1568.63
1.634474515914917,-0.031582306830907056,-0.0021953125,0.000722027972027972,3921.57
1.6873371601104736,-0.03159350503919373,-0.0021953125,0.000722027972027972,5882.35
1.7371315956115723,-0.03159350503919373,-0.002196875,0.0007234265734265735,6470.59
1.7902030944824219,-0.031582306830907056,-0.002196875,0.0007234265734265735,7450.98
1.8438456058502197,-0.03154871220604703,-0.0022078125,0.0007335664335664336,8039.22
1.8967039585113525,-0.03154871220604703,-0.00221484375,0.0007335664335664336,8627.45
1.9496147632598877,-0.03132474804031355,-0.00221484375,0.0007426573426573427,8627.45
2.003483295440674,-0.03132474804031355,-0.00221875,0.0007486013986013986,9215.69
2.0563058853149414,-0.03094400895856663,-0.00221875,0.0007486013986013986,9215.69
2.109205961227417,-0.03094400895856663,-0.002224609375,0.0007538461538461539,9803.92
2.1630473136901855,-0.03042889137737962,-0.002231640625,0.0007538461538461539,9607.84
2.2160732746124268,-0.03042889137737962,-0.002231640625,0.0007604895104895105,10000.0
2.2697367668151855,-0.029756998880179172,-0.002239453125,0.0007604895104895105,10588.24
2.32263445854187,-0.029756998880179172,-0.002239453125,0.0007660839160839161,10588.24
2.375492572784424,-0.02898432250839866,-0.00224609375,0.000770979020979021,10769.23
2.4293437004089355,-0.02898432250839866,-0.002251171875,0.000770979020979021,11176.47
2.482363224029541,-0.0281444568868981,-0.002251171875,0.0007748251748251748,11568.63
2.535048723220825,-0.027248600223964168,-0.00225546875,0.0007748251748251748,11568.63
2.58892560005188,-0.027248600223964168,-0.00225546875,0.0007797202797202797,11764.71
2.641765832901001,-0.026296752519596865,-0.002259375,0.0007797202797202797,12352.94
2.6957640647888184,-0.026296752519596865,-0.002263671875,0.0007856643356643357,12156.86
2.748424768447876,-0.02527771556550952,-0.002263671875,0.0007919580419580419,12745.1
2.8013482093811035,-0.02527771556550952,-0.002270703125,0.0007919580419580419,12549.02
2.8553597927093506,-0.024146696528555434,-0.002270703125,0.0007986013986013987,12745.1
2.908067226409912,-0.024146696528555434,-0.002276953125,0.0007986013986013987,12941.18
2.961855173110962,-0.022959686450167976,-0.00228359375,0.0008062937062937063,13333.33
3.014925718307495,-0.022959686450167976,-0.00228359375,0.0008146853146853147,13725.49
3.0675714015960693,-0.02170548712206047,-0.002289453125,0.0008146853146853147,13921.57
3.121500015258789,-0.02170548712206047,-0.002289453125,0.0008216783216783217,14313.73
3.1743555068969727,-0.020283314669652854,-0.00229453125,0.0008216783216783217,14117.65
3.2272136211395264,-0.020283314669652854,-0.00229765625,0.0008290209790209791,14509.8
3.281050443649292,-0.018760358342665172,-0.00229765625,0.0008290209790209791,15098.04
3.3339288234710693,-0.01718141097424412,-0.002295703125,0.0008332167832167832,15294.12
3.3877673149108887,-0.01718141097424412,-0.002295703125,0.0008339160839160839,15490.2
3.440643787384033,-0.015602463605823068,-0.00229453125,0.0008339160839160839,15490.2
3.4945616722106934,-0.015602463605823068,-0.002294140625,0.0008339160839160839,15686.27
3.547358512878418,-0.01414669652855543,-0.002294140625,0.0008339160839160839,15882.35
3.600374937057495,-0.01414669652855543,-0.002296484375,0.0008353146853146853,16274.51
3.6540040969848633,-0.012713325867861142,-0.002299609375,0.0008353146853146853,16274.51
3.7069311141967773,-0.012713325867861142,-0.002299609375,0.0008395104895104896,16470.59
3.759721279144287,-0.011313549832026875,-0.002302734375,0.0008458041958041958,16470.59
3.8136425018310547,-0.011313549832026875,-0.002302734375,0.0008458041958041958,16862.75
3.866466760635376,-0.009913773796192609,-0.00230390625,0.000851048951048951,17058.82
3.919297456741333,-0.009913773796192609,-0.002306640625,0.000851048951048951,16862.75
3.973220109939575,-0.00842441209406495,-0.002306640625,0.0008573426573426574,17254.9
4.026012659072876,-0.006923852183650615,-0.00231015625,0.0008573426573426574,17450.98
4.079934358596802,-0.006923852183650615,-0.00231015625,0.0008646853146853147,18235.29
4.128781318664551,-0.005434490481522956,-0.002316015625,0.000870979020979021,17647.06
4.181653261184692,-0.005434490481522956,-0.00232109375,0.000870979020979021,18235.29
4.2355146408081055,-0.0038443449048152297,-0.00232109375,0.0008769230769230769,18627.45
4.288370370864868,-0.0038443449048152297,-0.002326171875,0.0008769230769230769,18431.37
4.342228412628174,-0.0022206047032474804,-0.002326171875,0.0008825174825174825,18431.37
4.395052909851074,-0.0022206047032474804,-0.00233125,0.0008895104895104895,18823.53
4.447948932647705,-0.0005632698768197088,-0.00233671875,0.0008895104895104895,19411.76
4.501947402954102,-0.0005632698768197088,-0.00233671875,0.0008961538461538461,19411.76
4.5548131465911865,0.0010828667413213886,-0.00234296875,0.0008961538461538461,19215.69
4.608476638793945,0.0010828667413213886,-0.00234296875,0.0009034965034965035,19607.84
4.661530494689941,0.0027849944008958567,-0.0023515625,0.0009034965034965035,20196.08
4.714237451553345,0.004464725643896977,-0.002358984375,0.0009101398601398602,20000.0
4.768023729324341,0.004464725643896977,-0.002358984375,0.0009167832167832168,20000.0
4.820951700210571,0.006178051511758119,-0.002365625,0.0009167832167832168,20588.24
4.873764514923096,0.006178051511758119,-0.002365625,0.0009237762237762237,20392.16
4.927668333053589,0.007947368421052632,-0.002371875,0.0009237762237762237,20784.32
4.97653603553772,0.007947368421052632,-0.002380078125,0.0009304195804195804,20784.32
5.0293285846710205,0.009828667413213886,-0.002380078125,0.0009304195804195804,21176.47
5.083181619644165,0.009828667413213886,-0.002388671875,0.000937062937062937,21176.47
5.140088319778442,0.011788353863381859,-0.002388671875,0.0009437062937062937,21568.63
5.194103717803955,0.011788353863381859,-0.002396875,0.0009437062937062937,21730.77
5.246810436248779,0.013736842105263158,-0.002405859375,0.0009493006993006993,21960.79
5.3006651401519775,0.013736842105263158,-0.002405859375,0.0009493006993006993,21960.79
5.353528261184692,0.015730123180291156,-0.0024140625,0.0009566433566433566,22745.1
5.4063849449157715,0.015730123180291156,-0.0024140625,0.0009566433566433566,22352.94
5.4602439403533936,0.0177458006718925,-0.002424609375,0.0009643356643356644,22352.94
5.513251304626465,0.019750279955207166,-0.00243359375,0.0009730769230769231,22549.02
5.566934108734131,0.019750279955207166,-0.00243359375,0.0009730769230769231,22745.1
5.615820646286011,0.021799552071668532,-0.002444921875,0.0009846153846153846,23137.25
5.668688058853149,0.021799552071668532,-0.002444921875,0.0009846153846153846,23137.25
5.72253942489624,0.023972004479283313,-0.00245625,0.000995104895104895,23333.33
5.7753331661224365,0.023972004479283313,-0.00246640625,0.0010052447552447552,23529.41
5.828218936920166,0.026122060470324747,-0.00246640625,0.0010052447552447552,23529.41
5.8823769092559814,0.026122060470324747,-0.00247578125,0.001016083916083916,23921.57
5.934909343719482,0.02821612541993281,-0.002484375,0.001016083916083916,24313.73
5.987785577774048,0.02821612541993281,-0.002484375,0.001026923076923077,24509.81
6.04168701171875,0.030298992161254198,-0.00249296875,0.001026923076923077,24313.73
6.094690799713135,0.030298992161254198,-0.00249296875,0.001037062937062937,24705.88
6.1483378410339355,0.03247144456886898,-0.002501171875,0.0010465034965034966,24705.88
6.20125937461853,0.03462150055991041,-0.002510546875,0.0010465034965034966,25294.12
6.254114389419556,0.03462150055991041,-0.002510546875,0.001053846153846154,24901.96
6.3079750537872314,0.036771556550951844,-0.002520703125,0.001053846153846154,25882.35
6.360830068588257,0.036771556550951844,-0.002520703125,0.0010625874125874126,25686.27
6.414684772491455,0.03901119820828667,-0.00253203125,0.0010625874125874126,26078.43
6.467479705810547,0.03901119820828667,-0.002544140625,0.0010716783216783217,26078.43
6.520338296890259,0.04139641657334826,-0.002544140625,0.001081118881118881,26470.59
6.574194431304932,0.04139641657334826,-0.002558203125,0.001081118881118881,26274.51
6.627119541168213,0.043893617021276594,-0.002558203125,0.001090909090909091,26274.51
6.680908203125,0.043893617021276594,-0.00257109375,0.001090909090909091,26666.67
6.733832120895386,0.04648040313549832,-0.00258515625,0.0011031468531468532,26470.59
6.786624908447266,0.04648040313549832,-0.00258515625,0.0011031468531468532,26862.75
6.8405516147613525,0.04915677491601344,-0.00259765625,0.0011143356643356643,27254.9
6.893342733383179,0.051833146696528554,-0.00259765625,0.0011244755244755244,27450.98
6.947211980819702,0.051833146696528554,-0.00261015625,0.0011244755244755244,27058.82
7.000123739242554,0.05448712206047032,-0.002622265625,0.0011342657342657343,27843.14
7.052974700927734,0.05448712206047032,-0.002622265625,0.0011342657342657343,27843.14
7.106769800186157,0.05714109742441209,-0.002634375,0.001143006993006993,28039.22
7.159651041030884,0.05714109742441209,-0.002634375,0.0011517482517482518,27450.98
7.212545871734619,0.05983986562150056,-0.00264765625,0.0011517482517482518,28235.3
7.266411781311035,0.05983986562150056,-0.002662890625,0.0011625874125874127,28627.45
7.319270133972168,0.06249384098544233,-0.002662890625,0.0011625874125874127,28823.53
7.369067192077637,0.06249384098544233,-0.002680859375,0.0011748251748251747,28627.45
7.421983242034912,0.0651478163493841,-0.002680859375,0.0011748251748251747,29215.69
7.474851846694946,0.0651478163493841,-0.002695703125,0.0011877622377622378,29215.69
7.528703451156616,0.06786898096304592,-0.002711328125,0.0011996503496503497,29607.84
7.581714868545532,0.06786898096304592,-0.002711328125,0.0011996503496503497,28627.45
7.635354995727539,0.07062374020156775,-0.0027265625,0.0012108391608391608,30000.0
7.688281774520874,0.07335610302351624,-0.0027265625,0.0012108391608391608,29411.76
7.741142988204956,0.07335610302351624,-0.00274375,0.0012227272727272727,29803.92
7.794941425323486,0.07615565509518477,-0.00276015625,0.0012227272727272727,29607.84
7.847845554351807,0.07615565509518477,-0.00276015625,0.0012353146853146854,30196.08
7.896716356277466,0.07896640537513998,-0.002775390625,0.0012493006993006992,30980.39
7.950576543807983,0.07896640537513998,-0.002775390625,0.0012493006993006992,30196.08
8.003438711166382,0.08174356103023515,-0.00278828125,0.0012615384615384615,30192.31
8.056229591369629,0.08174356103023515,-0.002803515625,0.0012615384615384615,30588.24
8.110117435455322,0.08447592385218365,-0.002803515625,0.0012737762237762238,30980.39
8.16299557685852,0.08447592385218365,-0.00281796875,0.0012737762237762238,31372.55
8.216828346252441,0.08720828667413213,-0.002832421875,0.001283916083916084,31568.63
8.273717880249023,0.08720828667413213,-0.002832421875,0.0012958041958041958,31372.55
8.326509475708008,0.08992945128779395,-0.002847265625,0.0012958041958041958,31764.71
8.380590677261353,0.09261702127659575,-0.002847265625,0.0013066433566433567,31372.55
8.43329119682312,0.09261702127659575,-0.00286171875,0.0013066433566433567,31960.79
8.487141609191895,0.09524860022396417,-0.002875390625,0.0013195804195804196,32352.94
8.540148496627808,0.09524860022396417,-0.002875390625,0.0013318181818181818,32156.86
8.593907356262207,0.09786898096304592,-0.002887890625,0.0013318181818181818,32549.02
8.646880626678467,0.09786898096304592,-0.002887890625,0.0013447552447552447,32549.02
8.699572563171387,0.10042217245240763,-0.002900390625,0.0013447552447552447,32745.1
8.753364562988281,0.10042217245240763,-0.00291328125,0.001355944055944056,32549.02
8.806291103363037,0.10291937290033595,-0.00291328125,0.001355944055944056,32745.1
8.85915231704712,0.10291937290033595,-0.002925390625,0.0013664335664335665,32941.17
8.912992477416992,0.10551735722284435,-0.002925390625,0.0013772727272727272,33333.33
8.96586561203003,0.10551735722284435,-0.0029390625,0.0013772727272727272,33333.33
9.018678665161133,0.10820492721164615,-0.002956640625,0.001388811188811189,33529.41
9.072514295578003,0.11083650615901457,-0.002956640625,0.001388811188811189,33725.49
9.125439405441284,0.11083650615901457,-0.002971484375,0.0014006993006993008,33725.49
9.179293870925903,0.11347928331466967,-0.002971484375,0.0014006993006993008,33725.49
9.232157230377197,0.11347928331466967,-0.002986328125,0.0014111888111888113,34117.64
9.285939693450928,0.11611086226203808,-0.003002734375,0.001422027972027972,34705.88
9.338871240615845,0.11611086226203808,-0.003002734375,0.001422027972027972,34117.64
9.392656803131104,0.11877603583426652,-0.00301640625,0.0014335664335664337,34705.88
9.445576906204224,0.11877603583426652,-0.00301640625,0.0014335664335664337,34313.73
9.498444557189941,0.12149720044792833,-0.00302890625,0.001446853146853147,35098.04
9.55223035812378,0.12149720044792833,-0.003042578125,0.001446853146853147,33725.49
9.605156421661377,0.12418477043673014,-0.003042578125,0.0014601398601398602,35490.19
9.657999038696289,0.12418477043673014,-0.00305390625,0.0014727272727272727,34901.96
9.711801767349243,0.12689473684210528,-0.00305390625,0.0014727272727272727,35490.19
9.7647225856781,0.12689473684210528,-0.003067578125,0.001483916083916084,34509.8
9.817585706710815,0.12959350503919373,-0.0030796875,0.001483916083916084,35490.19
9.871594190597534,0.13218029115341545,-0.0030796875,0.0014944055944055945,35882.35
9.924262762069702,0.13218029115341545,-0.00309375,0.001505944055944056,35882.35
9.974098920822144,0.1346774916013438,-0.00309375,0.001505944055944056,35294.12
10.027011156082153,0.1346774916013438,-0.00310859375,0.0015167832167832169,36078.43
10.079886674880981,0.1372194848824188,-0.003124609375,0.0015167832167832169,36470.58
10.133735656738281,0.1372194848824188,-0.003124609375,0.001526923076923077,36470.58
10.18660020828247,0.1398174692049272,-0.003141796875,0.001526923076923077,35686.27
10.240386962890625,0.1398174692049272,-0.0031578125,0.001538111888111888,36666.67
10.293314933776855,0.14253863381858903,-0.0031578125,0.00155,36666.67
10.34617567062378,0.14253863381858903,-0.003174609375,0.00155,37058.82
10.399960994720459,0.14539417693169093,-0.003174609375,0.0015611888111888112,36274.51
10.452887296676636,0.14539417693169093,-0.0031890625,0.0015611888111888112,36862.75
10.505746841430664,0.14829451287793954,-0.003202734375,0.0015737762237762237,37254.9
10.559601545333862,0.15128443449048154,-0.003202734375,0.0015737762237762237,37647.06
10.612460613250732,0.15128443449048154,-0.00321796875,0.0015856643356643356,36470.58
10.666292190551758,0.154464725643897,-0.00321796875,0.0015986013986013987,37843.14
10.719179391860962,0.154464725643897,-0.0032328125,0.0015986013986013987,37647.06
10.772019624710083,0.15771220604703248,-0.003245703125,0.0016125874125874125,37843.14
10.825888872146606,0.15771220604703248,-0.003245703125,0.0016125874125874125,36923.08
10.878747701644897,0.16097088465845466,-0.003259375,0.0016286713286713286,38039.21
10.932695150375366,0.16097088465845466,-0.003259375,0.0016286713286713286,37647.06
10.985464572906494,0.16429675251959688,-0.0032734375,0.0016465034965034964,38039.21
11.038474321365356,0.16429675251959688,-0.00328671875,0.0016657342657342656,38235.29
11.092329025268555,0.16780179171332588,-0.00328671875,0.0016657342657342656,38039.21
11.14502239227295,0.16780179171332588,-0.003300390625,0.0016863636363636364,38235.29
11.197890043258667,0.17146360582306833,-0.003300390625,0.0016863636363636364,37843.14
11.251750469207764,0.17146360582306833,-0.0033140625,0.0017073426573426575,38235.29
11.304608821868896,0.1751030235162374,-0.003325,0.0017073426573426575,38235.29
11.358396768569946,0.17863045912653977,-0.003325,0.00173006993006993,38431.37
11.411474704742432,0.17863045912653977,-0.003334765625,0.0017506993006993006,38039.21
11.46418309211731,0.18201231802911536,-0.003334765625,0.0017506993006993006,38235.29
11.518136024475098,0.18201231802911536,-0.0033453125,0.0017695804195804197,38039.21
11.570828199386597,0.1853157894736842,-0.003353515625,0.0017695804195804197,38431.37
11.624722957611084,0.1853157894736842,-0.003353515625,0.0017877622377622377,38039.21
11.677612781524658,0.1883952967525196,-0.003362890625,0.0018027972027972027,38039.21
11.730470418930054,0.1883952967525196,-0.003362890625,0.0018027972027972027,38039.21
11.784318685531616,0.19137402015677493,-0.00336953125,0.0018164335664335664,38431.37
11.837186813354492,0.19137402015677493,-0.0033734375,0.0018164335664335664,38039.21
11.890024423599243,0.1941511758118701,-0.0033734375,0.00183006993006993,38039.21
11.943891048431396,0.1941511758118701,-0.003372265625,0.00183006993006993,38235.29
11.996755838394165,0.1966595744680851,-0.003372265625,0.0018423076923076924,38039.21
12.050609588623047,0.1988768197088466,-0.003372265625,0.0018538461538461538,37843.14
12.103474378585815,0.1988768197088466,-0.00337265625,0.0018538461538461538,38039.21
12.156331539154053,0.2007357222844345,-0.00337265625,0.0018632867132867134,38235.29
12.210192918777466,0.2007357222844345,-0.00337265625,0.0018632867132867134,38039.21
12.26303219795227,0.20228107502799553,-0.003372265625,0.0018713286713286713,37843.14
12.31605577468872,0.20228107502799553,-0.003372265625,0.0018713286713286713,37450.98
12.369906663894653,0.20346808510638298,-0.00336875,0.0018755244755244754,36862.75
12.42262077331543,0.20346808510638298,-0.00336875,0.0018762237762237762,37450.98
12.47640609741211,0.2043303471444569,-0.00336484375,0.0018762237762237762,37647.06
12.529265642166138,0.2043303471444569,-0.003361328125,0.0018762237762237762,37058.82
12.578206777572632,0.20477827547592387,-0.003361328125,0.0018762237762237762,36470.58
12.632202863693237,0.20477827547592387,-0.003357421875,0.0018734265734265735,37058.82
12.684848546981812,0.20477827547592387,-0.003357421875,0.0018674825174825175,37254.9
12.738704919815063,0.2046326987681971,-0.003350390625,0.0018674825174825175,36666.67
12.791633367538452,0.2046326987681971,-0.003343359375,0.001858041958041958,35882.35
12.844421625137329,0.20398320268757,-0.003343359375,0.001858041958041958,36470.58
12.89834713935852,0.20398320268757,-0.003335546875,0.0018440559440559441,36862.75
12.951204538345337,0.20282978723404257,-0.003335546875,0.0018440559440559441,36078.43
13.004992485046387,0.20282978723404257,-0.003325,0.001831118881118881,35686.27
13.05785083770752,0.2013740201567749,-0.0033125,0.0018192307692307692,35686.27
13.110736608505249,0.2013740201567749,-0.0033125,0.0018192307692307692,35686.27
13.164564609527588,0.19977267637178053,-0.003298046875,0.0018076923076923077,35882.35
13.217489242553711,0.19977267637178053,-0.003298046875,0.0018076923076923077,34901.96
13.27128005027771,0.19799216125419933,-0.0032828125,0.0017958041958041958,35490.19
13.324209213256836,0.19799216125419933,-0.00326796875,0.0017958041958041958,34901.96
13.377042055130005,0.19607726763717806,-0.00326796875,0.0017832167832167833,34901.96
13.426864385604858,0.19607726763717806,-0.00325390625,0.0017674825174825175,34313.73
13.479938745498657,0.19405039193729004,-0.00325390625,0.0017674825174825175,34901.96
13.532649517059326,0.19179955207166854,-0.00323984375,0.0017493006993006992,34705.88
13.586506843566895,0.19179955207166854,-0.003224609375,0.0017493006993006992,34509.8
13.639365196228027,0.1893135498320269,-0.003224609375,0.0017297202797202796,33653.85
13.692224264144897,0.1893135498320269,-0.003208984375,0.0017297202797202796,34509.8
13.746034383773804,0.1865811870100784,-0.003208984375,0.0017118881118881118,34313.73
13.798932075500488,0.1865811870100784,-0.0031921875,0.001694055944055944,34509.8
13.852748394012451,0.18365845464725644,-0.00317578125,0.001694055944055944,33921.57
13.905652284622192,0.18365845464725644,-0.00317578125,0.0016765734265734265,34117.64
13.959439277648926,0.18062374020156777,-0.003159375,0.0016765734265734265,33529.41
14.012524366378784,0.18062374020156777,-0.003159375,0.0016583916083916083,33333.33
14.06515645980835,0.177488241881299,-0.00314375,0.0016583916083916083,33333.33
14.11901330947876,0.177488241881299,-0.00312734375,0.0016395104895104895,33725.49
14.17194128036499,0.1742407614781635,-0.00312734375,0.0016202797202797203,33137.25
14.224786281585693,0.17097088465845464,-0.00311015625,0.0016202797202797203,33137.25
14.278655767440796,0.17097088465845464,-0.00311015625,0.001602097902097902,32549.02
14.331513404846191,0.1676562150055991,-0.0030921875,0.001602097902097902,32549.02
14.384372472763062,0.1676562150055991,-0.003072265625,0.0015842657342657342,32156.86
14.438227891921997,0.1644087346024636,-0.003072265625,0.0015667832167832168,32352.94
14.491082906723022,0.1644087346024636,-0.0030546875,0.0015667832167832168,32156.86
14.544944047927856,0.16131802911534154,-0.0030375,0.001547902097902098,32352.94
14.59778904914856,0.16131802911534154,-0.0030375,0.001547902097902098,31764.71
14.65059494972229,0.1583057110862262,-0.003020703125,0.0015286713286713288,31764.71
14.70466661453247,0.1583057110862262,-0.003020703125,0.0015286713286713288,31372.55
14.757373809814453,0.1552038073908175,-0.0030046875,0.0015087412587412587,31764.71
14.811226606369019,0.1552038073908175,-0.002987890625,0.00148986013986014,31372.55
14.864241600036621,0.1520795072788354,-0.002987890625,0.00148986013986014,31372.55
14.916948795318604,0.1488320268756999,-0.002972265625,0.0014748251748251749,31176.47
14.970804452896118,0.1488320268756999,-0.002972265625,0.0014748251748251749,30980.39
15.023663520812988,0.14552855543113102,-0.002957421875,0.001459090909090909,31176.47
15.077514410018921,0.14552855543113102,-0.00293984375,0.001459090909090909,30784.32
15.13030743598938,0.14221388577827548,-0.00293984375,0.0014433566433566434,30784.32
15.183241605758667,0.14221388577827548,-0.002923046875,0.001426923076923077,29803.92
15.237087726593018,0.13894400895856665,-0.002923046875,0.001426923076923077,30196.08
15.289955139160156,0.13894400895856665,-0.00290859375,0.0014097902097902097,30392.16
15.342743635177612,0.13583090705487122,-0.002894140625,0.0014097902097902097,29803.92
15.396596431732178,0.13583090705487122,-0.002894140625,0.0013944055944055944,29607.84
15.449524402618408,0.1328073908174692,-0.0028796875,0.0013944055944055944,29803.92
15.503528594970703,0.1328073908174692,-0.0028796875,0.0013793706293706294,29803.92
15.552187204360962,0.12970548712206048,-0.002866796875,0.0013646853146853147,29607.84
15.605107307434082,0.12970548712206048,-0.002854296875,0.0013646853146853147,28627.45
15.65896463394165,0.12661478163493842,-0.002854296875,0.001352097902097902,29803.92
15.711817264556885,0.12362486002239642,-0.002841796875,0.001352097902097902,28627.45
15.765668869018555,0.12362486002239642,-0.002841796875,0.0013412587412587414,28823.53
15.818470478057861,0.12065733482642778,-0.002830859375,0.0013307692307692309,28235.3
15.87139630317688,0.12065733482642778,-0.002819921875,0.0013307692307692309,28235.3
15.925244808197021,0.11768980963045914,-0.002819921875,0.001320979020979021,28235.3
15.978109121322632,0.11768980963045914,-0.002809375,0.001320979020979021,28235.3
16.031898736953735,0.11467749160134379,-0.002809375,0.0013115384615384616,27450.98
16.084819793701172,0.11467749160134379,-0.002798828125,0.0013115384615384616,27843.14
16.133694887161255,0.11157558790593505,-0.00278984375,0.0013013986013986013,27647.06
16.187480211257935,0.11157558790593505,-0.00278984375,0.0012916083916083916,27450.98
16.24040699005127,0.10840649496080627,-0.002782421875,0.0012916083916083916,26666.67
16.29341411590576,0.10840649496080627,-0.002782421875,0.0012804195804195803,27058.82
16.347121238708496,0.10527099664053752,-0.002777734375,0.0012804195804195803,26666.67
16.39991521835327,0.10230347144456887,-0.0027734375,0.0012699300699300698,27254.9
16.45277190208435,0.10230347144456887,-0.0027734375,0.0012699300699300698,26153.85
16.506627798080444,0.09948152295632699,-0.002769921875,0.0012615384615384615,26274.51
16.559486865997314,0.09948152295632699,-0.002769921875,0.0012527972027972028,26274.51
16.613420009613037,0.0966707726763718,-0.002766015625,0.0012527972027972028,25882.35
16.666414260864258,0.0966707726763718,-0.002762109375,0.0012444055944055945,25882.35
16.719069242477417,0.0938040313549832,-0.002762109375,0.0012444055944055945,25882.35
16.773133993148804,0.0938040313549832,-0.00275859375,0.0012363636363636364,26274.51
16.82584023475647,0.09092609182530795,-0.0027546875,0.0012363636363636364,26274.51
16.879692554473877,0.09092609182530795,-0.0027546875,0.0012286713286713286,25098.04
16.932518243789673,0.08793617021276595,-0.002750390625,0.001222027972027972,25098.04
16.985414743423462,0.08793617021276595,-0.002750390625,0.001222027972027972,25098.04
17.039206743240356,0.0848902575587906,-0.00274765625,0.0012132867132867134,25294.12
17.092281341552734,0.0848902575587906,-0.00274609375,0.0012132867132867134,24901.96
17.14603042602539,0.08193393057110862,-0.00274609375,0.0012059440559440558,24509.81
17.19883942604065,0.07902239641657334,-0.002743359375,0.0011993006993006993,24313.73
17.251703023910522,0.07902239641657334,-0.002743359375,0.0011993006993006993,23921.57
17.305553913116455,0.07608846584546472,-0.002740625,0.001194055944055944,23921.57
17.358416318893433,0.07608846584546472,-0.0027375,0.001194055944055944,23725.49
17.411275625228882,0.07314333706606943,-0.0027375,0.0011888111888111888,24313.73
17.46513295173645,0.07314333706606943,-0.002734765625,0.0011888111888111888,23529.41
17.517921447753906,0.0702541993281075,-0.002734765625,0.0011832167832167833,23725.49
17.57180619239807,0.0702541993281075,-0.002731640625,0.001176923076923077,23137.25
17.624706745147705,0.06746584546472564,-0.002728515625,0.001176923076923077,22941.18
17.678492069244385,0.06746584546472564,-0.002728515625,0.0011706293706293706,22941.18
17.731420755386353,0.0647558790593505,-0.00272578125,0.0011706293706293706,22549.02
17.784279108047485,0.0647558790593505,-0.00272578125,0.001165034965034965,22549.02
17.83806538581848,0.06205711086226204,-0.00272265625,0.001165034965034965,22549.02
17.89098048210144,0.05931354983202687,-0.002717578125,0.0011587412587412587,22352.94
17.94385290145874,0.05931354983202687,-0.002717578125,0.0011531468531468532,22156.86
17.997639894485474,0.05645800671892497,-0.002712890625,0.0011531468531468532,21372.55
18.050562620162964,0.05645800671892497,-0.002712890625,0.0011482517482517482,21568.63
18.104415893554688,0.053580067189249715,-0.002708984375,0.0011482517482517482,21372.55
18.15721559524536,0.053580067189249715,-0.00270625,0.0011433566433566435,20980.39
18.21014142036438,0.05081410974244121,-0.00270625,0.0011433566433566435,20392.16
18.26392698287964,0.05081410974244121,-0.002703515625,0.0011377622377622377,20784.32
18.316853523254395,0.04807054871220604,-0.002703515625,0.00113006993006993,20588.24
18.370819330215454,0.04807054871220604,-0.002699609375,0.00113006993006993,20392.16
18.42356824874878,0.04537178051511758,-0.0026953125,0.001122027972027972,20000.0
18.47642683982849,0.04537178051511758,-0.0026953125,0.001122027972027972,20000.0
18.530277729034424,0.04279619260918253,-0.0026921875,0.0011136363636363637,20196.08
18.583141803741455,0.04032138857782754,-0.0026921875,0.0011034965034965034,19607.84
18.631993293762207,0.04032138857782754,-0.002687109375,0.0011034965034965034,19411.76
18.685868740081787,0.03788017917133259,-0.00268203125,0.0010937062937062937,19215.69
18.738725900650024,0.03788017917133259,-0.00268203125,0.0010937062937062937,19215.69
18.79251718521118,0.0354053751399776,-0.00267578125,0.001083916083916084,18823.53
18.845441341400146,0.0354053751399776,-0.0026703125,0.001083916083916084,18431.37
18.898298501968384,0.03295296752519597,-0.0026703125,0.0010723776223776223,18431.37
18.952309370040894,0.03295296752519597,-0.00266171875,0.0010611888111888112,18431.37
19.005165815353394,0.030567749160134376,-0.00266171875,0.0010611888111888112,18039.22
19.057803869247437,0.030567749160134376,-0.002651953125,0.0010527972027972027,17647.06
19.111722946166992,0.028283314669652854,-0.002641796875,0.0010527972027972027,17647.06
19.1645827293396,0.028283314669652854,-0.002641796875,0.0010433566433566434,17647.06
19.218432664871216,0.025931690929451287,-0.00263203125,0.0010433566433566434,17450.98
19.27130126953125,0.025931690929451287,-0.00263203125,0.0010353146853146853,16923.08
19.32508897781372,0.023512877939529674,-0.002620703125,0.0010293706293706293,17058.82
19.37799644470215,0.02113885778275476,-0.002609375,0.0010293706293706293,16862.75
19.4310245513916,0.02113885778275476,-0.002609375,0.0010237762237762238,16666.67
19.484720945358276,0.018966405375139977,-0.002598828125,0.0010237762237762238,16470.59
19.537519454956055,0.018966405375139977,-0.002598828125,0.0010181818181818183,16078.43
19.590448141098022,0.016950727883538633,-0.002587890625,0.0010181818181818183,16470.59
19.64429807662964,0.016950727883538633,-0.002576171875,0.001010839160839161,15882.35
19.69709277153015,0.014946248600223965,-0.002576171875,0.0010041958041958042,15882.35
19.750005960464478,0.014946248600223965,-0.00256484375,0.0010041958041958042,15294.12
19.803871154785156,0.012975363941769317,-0.00256484375,0.000998951048951049,15098.04
19.856729984283447,0.012975363941769317,-0.002554296875,0.000998951048951049,14901.96
19.90655541419983,0.011116461366181411,-0.00254453125,0.0009944055944055945,14901.96
19.959460496902466,0.011116461366181411,-0.00254453125,0.0009888111888111887,14901.96
20.0123188495636,0.009279955207166854,-0.002534765625,0.0009888111888111887,14705.88
20.066176414489746,0.007443449048152296,-0.002534765625,0.0009825174825174826,14313.73
20.11902117729187,0.007443449048152296,-0.00252421875,0.0009825174825174826,13921.57
20.172820568084717,0.005595744680851064,-0.0025140625,0.0009755244755244756,13725.49
20.225749492645264,0.005595744680851064,-0.0025140625,0.0009755244755244756,13725.49
20.278605222702026,0.0038152295632698768,-0.002504296875,0.0009688811188811189,13333.33
20.332454442977905,0.0038152295632698768,-0.002504296875,0.0009618881118881119,13137.25
20.38531804084778,0.002135498320268757,-0.00249609375,0.0009618881118881119,12941.18
20.438111066818237,0.002135498320268757,-0.00248984375,0.000956993006993007,12549.02
20.492016077041626,0.0005565509518477044,-0.00248984375,0.000956993006993007,12745.1
20.54490041732788,0.0005565509518477044,-0.00248359375,0.0009510489510489511,12156.86
20.598746299743652,-0.0009888017917133258,-0.00248359375,0.0009510489510489511,12156.86
20.651609659194946,-0.0009888017917133258,-0.00247734375,0.0009447552447552447,11764.71
20.705397844314575,-0.0025341545352743564,-0.002473828125,0.000937062937062937,11568.63
20.75831890106201,-0.003989921612541993,-0.002473828125,0.000937062937062937,11568.63
20.81118631362915,-0.003989921612541993,-0.00246875,0.0009314685314685315,10784.31
20.863971710205078,-0.005367301231802912,-0.002463671875,0.0009314685314685315,10784.31
20.91789722442627,-0.005367301231802912,-0.002463671875,0.0009241258741258741,11176.47
20.97074556350708,-0.006767077267637178,-0.002457421875,0.0009241258741258741,10196.08
21.02455997467041,-0.006767077267637178,-0.002457421875,0.0009146853146853146,10196.08
21.077471494674683,-0.008166853303471444,-0.00245234375,0.0009059440559440559,9803.92
21.13125729560852,-0.008166853303471444,-0.002448046875,0.0009059440559440559,9803.92
21.184147596359253,-0.009622620380739081,-0.002448046875,0.0008979020979020979,9607.84
21.237008571624756,-0.009622620380739081,-0.002441015625,0.0008979020979020979,9019.61
21.290904760360718,-0.011033594624860022,-0.002441015625,0.0008909090909090909,9215.69
21.343748807907104,-0.011033594624860022,-0.002433984375,0.0008853146853146853,8823.53
21.397544860839844,-0.012455767077267636,-0.00242734375,0.0008853146853146853,8431.37
21.450475931167603,-0.012455767077267636,-0.00242734375,0.0008797202797202797,8235.29
21.503331184387207,-0.0139003359462486,-0.002423046875,0.0008797202797202797,8235.29
21.557337760925293,-0.015322508398656214,-0.002423046875,0.0008755244755244755,7647.06
21.610031127929688,-0.015322508398656214,-0.00241875,0.0008755244755244755,7450.98
21.663058757781982,-0.016677491601343783,-0.0024140625,0.0008713286713286714,7254.9
21.71674346923828,-0.016677491601343783,-0.0024140625,0.0008685314685314686,6862.75
21.769622325897217,-0.01798768197088466,-0.00240859375,0.0008685314685314686,6666.67
21.822481393814087,-0.01798768197088466,-0.00240859375,0.0008657342657342657,6274.51
21.87648367881775,-0.019297872340425532,-0.002405859375,0.0008657342657342657,5882.35
21.92914652824402,-0.019297872340425532,-0.002402734375,0.0008629370629370629,5882.35
21.98297929763794,-0.020552071668533033,-0.002402734375,0.0008629370629370629,5490.2
22.03590154647827,-0.020552071668533033,-0.00239765625,0.0008580419580419581,5098.04
22.089866161346436,-0.021772676371780514,-0.00239765625,0.0008531468531468531,5000.0
22.142565727233887,-0.021772676371780514,-0.00239375,0.0008531468531468531,4901.96
22.195415019989014,-0.022903695408734603,-0.0023890625,0.0008493006993006993,4705.88
22.249329805374146,-0.024023516237402016,-0.0023890625,0.0008493006993006993,4509.8
22.30219602584839,-0.024023516237402016,-0.00238515625,0.0008461538461538462,3921.57
22.355051279067993,-0.025053751399776038,-0.00238515625,0.0008461538461538462,3529.41
22.40906000137329,-0.025053751399776038,-0.00238125,0.0008426573426573426,3333.33
22.461753606796265,-0.02600559910414334,-0.0023796875,0.0008395104895104896,3137.26
22.515618801116943,-0.02600559910414334,-0.0023796875,0.0008395104895104896,2745.1
22.56863570213318,-0.026811870100783876,-0.0023765625,0.0008363636363636364,2745.1
22.62133550643921,-0.026811870100783876,-0.0023765625,0.0008363636363636364,2352.94
22.675192832946777,-0.02760694288913774,-0.002371484375,0.0008332167832167832,1960.78
22.728044748306274,-0.02760694288913774,-0.0023671875,0.00083006993006993,1960.78
22.77691960334778,-0.028357222844344908,-0.0023671875,0.00083006993006993,1176.47
22.83092427253723,-0.028357222844344908,-0.0023640625,0.0008262237762237762,1176.47
22.883638381958008,-0.029029115341545356,-0.0023640625,0.0008262237762237762,1176.47
22.93742561340332,-0.029029115341545356,-0.00236171875,0.0008234265734265734,392.16
22.990307807922363,-0.02961142217245241,-0.002358203125,0.0008234265734265734,0.0
23.043211460113525,-0.030104143337066073,-0.002358203125,0.0008209790209790209,0.0
