0.0,0,0,0,0
0.0009281635284423828,0.00018701007838745805,-0.002512890625,-0.0013548951048951048,0.0
0.0009281635284423828,0.00018701007838745805,-0.002512890625,-0.0013548951048951048,0.0
0.001924276351928711,0.00018701007838745805,-0.002515234375,-0.001355944055944056,0.0
0.0029578208923339844,0.00018701007838745805,-0.002512890625,-0.001355944055944056,0.0
0.00391840934753418,0.00018701007838745805,-0.002512890625,-0.0013548951048951048,0.0
0.004915475845336914,0.00018701007838745805,-0.002512890625,-0.0013548951048951048,0.0
0.004915475845336914,0.00018701007838745805,-0.002515234375,-0.001355944055944056,0.0
0.008904695510864258,0.00018701007838745805,-0.002512890625,-0.001355944055944056,0.0
0.008904695510864258,0.00018701007838745805,-0.002512890625,-0.0013548951048951048,0.0
0.009900569915771484,0.0001758118701007839,-0.002512890625,-0.0013548951048951048,0.0
0.011896610260009766,0.0001758118701007839,-0.00251171875,-0.0013548951048951048,0.0
0.011896610260009766,0.0001758118701007839,-0.00251171875,-0.0013538461538461538,0.0
0.01488804817199707,0.0001758118701007839,-0.0025109375,-0.0013538461538461538,0.0
0.015886545181274414,0.0001758118701007839,-0.0025109375,-0.0013545454545454546,0.0
0.015886545181274414,0.00016461366181410979,-0.0025109375,-0.0013545454545454546,0.0
0.01688361167907715,0.00016461366181410979,-0.00251015625,-0.0013545454545454546,0.0
0.017881155014038086,0.00016461366181410979,-0.00251015625,-0.0013541958041958042,0.0
0.017881155014038086,0.00022060470324748044,-0.00251015625,-0.0013541958041958042,0.0
0.018877744674682617,0.00022060470324748044,-0.00251015625,-0.0013541958041958042,0.0
0.01987624168395996,0.00022060470324748044,-0.00251015625,-0.0013524475524475524,0.0
0.02286696434020996,0.0002765957446808511,-0.002510546875,-0.0013524475524475524,0.0
0.024862289428710938,0.0002765957446808511,-0.002510546875,-0.0013506993006993007,0.0
0.024862289428710938,0.0002765957446808511,-0.00251015625,-0.0013506993006993007,0.0
0.025857925415039062,0.0002989921612541994,-0.00251015625,-0.0013506993006993007,0.0
0.027853965759277344,0.0002989921612541994,-0.00251015625,-0.0013496503496503497,0.0
0.027853965759277344,0.0002989921612541994,-0.002509765625,-0.0013496503496503497,0.0
0.029848575592041016,0.0003213885778275476,-0.002509765625,-0.0013496503496503497,0.0
0.029848575592041016,0.0003213885778275476,-0.00250703125,-0.0013493006993006993,0.0
0.03084588050842285,0.00036618141097424415,-0.00250703125,-0.0013493006993006993,0.0
0.03184390068054199,0.00036618141097424415,-0.00250703125,-0.0013496503496503497,0.0
0.0348355770111084,0.00036618141097424415,-0.002505078125,-0.0013496503496503497,0.0
0.0348355770111084,0.0004109742441209407,-0.002505078125,-0.0013496503496503497,0.0
0.03682899475097656,0.0004109742441209407,-0.00250390625,-0.0013506993006993007,0.0
0.03782796859741211,0.0004109742441209407,-0.00250390625,-0.0013506993006993007,0.0
0.03782796859741211,0.0005005599104143337,-0.00250390625,-0.0013506993006993007,0.0
0.038825273513793945,0.0005005599104143337,-0.002503515625,-0.001351048951048951,0.0
0.03982186317443848,0.0005005599104143337,-0.002503515625,-0.001351048951048951,0.0
0.03982186317443848,0.0005341545352743561,-0.0025046875,-0.0013513986013986015,0.0
0.04281473159790039,0.0005341545352743561,-0.0025046875,-0.0013513986013986015,0.0
0.07474231719970703,0.0005341545352743561,-0.0025046875,-0.0013513986013986015,0.0
0.10670995712280273,0.000522956326987682,-0.00250546875,-0.0013524475524475524,0.0
0.13961005210876465,0.000522956326987682,-0.00250546875,-0.0013524475524475524,0.0
0.17268133163452148,0.000522956326987682,-0.00250546875,-0.0013524475524475524,0.0
0.2054448127746582,0.0004893617021276596,-0.00250546875,-0.0013524475524475524,0.0
0.2383582592010498,0.0004893617021276596,-0.00250546875,-0.0013524475524475524,0.0
0.2754092216491699,0.0004893617021276596,-0.002505859375,-0.0013524475524475524,0.0
0.3073298931121826,0.0004445688689809631,-0.002505859375,-0.0013527972027972028,0.0
0.3400447368621826,0.0004445688689809631,-0.002505859375,-0.0013527972027972028,0.0
0.37698936462402344,0.0004445688689809631,-0.0025046875,-0.0013517482517482516,0.0
0.40985965728759766,0.00037737961926091827,-0.0025046875,-0.0013517482517482516,0.0
0.4427809715270996,0.00037737961926091827,-0.00250625,-0.0013517482517482516,0.0
0.4796454906463623,0.00037737961926091827,-0.00250625,-0.0013503496503496503,0.0
0.5125579833984375,0.0002989921612541994,-0.00250625,-0.0013503496503496503,0.0
0.5495238304138184,0.0002989921612541994,-0.002506640625,-0.0013503496503496503,0.0
0.5865724086761475,0.0002989921612541994,-0.002506640625,-0.0013489510489510489,0.0
0.6192727088928223,0.0002989921612541994,-0.002505859375,-0.0013489510489510489,0.0
0.6563694477081299,0.0002989921612541994,-0.002505859375,-0.00135,0.0
0.6921467781066895,0.0002989921612541994,-0.002505859375,-0.00135,0.0
0.7250580787658691,0.0002877939529675252,-0.002504296875,-0.00135,0.0
0.7618951797485352,0.0002877939529675252,-0.002504296875,-0.001351048951048951,0.0
0.7948307991027832,0.0003213885778275476,-0.00250234375,-0.001351048951048951,0.0
0.8317043781280518,0.0003213885778275476,-0.00250234375,-0.001351048951048951,0.0
0.8686366081237793,0.0003213885778275476,-0.00250234375,-0.0013506993006993007,0.0
0.9015495777130127,0.00035498320268757003,-0.0025015625,-0.0013506993006993007,0.0
0.938481330871582,0.00035498320268757003,-0.0025015625,-0.001351048951048951,0.0
0.9753468036651611,0.00035498320268757003,-0.00250234375,-0.001351048951048951,0.0
1.008298397064209,0.00035498320268757003,-0.00250234375,-0.001351048951048951,0.0
1.0452001094818115,0.00035498320268757003,-0.00250234375,-0.0013531468531468532,0.0
1.0820984840393066,0.00035498320268757003,-0.002503125,-0.0013531468531468532,0.0
1.114945650100708,0.00033258678611422174,-0.002503125,-0.0013552447552447552,0.0
1.15092134475708,0.00033258678611422174,-0.002504296875,-0.0013552447552447552,0.0
1.1837940216064453,0.00033258678611422174,-0.002504296875,-0.0013552447552447552,0.0
1.2216625213623047,0.0003101903695408735,-0.002504296875,-0.001356993006993007,0.0
1.2576196193695068,0.0003101903695408735,-0.00250703125,-0.001356993006993007,0.0
1.2905471324920654,0.0002989921612541994,-0.00250703125,-0.001356993006993007,0.0
1.32759690284729,0.0002989921612541994,-0.00250859375,-0.0013576923076923078,0.0
1.364497423171997,0.0002989921612541994,-0.00250859375,-0.0013576923076923078,0.0
1.3974089622497559,0.0003213885778275476,-0.00250859375,-0.001358041958041958,0.0
1.434161901473999,0.0003213885778275476,-0.002509765625,-0.001358041958041958,0.0
1.4710659980773926,0.0003213885778275476,-0.002509765625,-0.001358041958041958,0.0
1.5029809474945068,0.0002877939529675252,-0.0025109375,-0.001358041958041958,0.0
1.5410254001617432,0.0002877939529675252,-0.0025109375,-0.001358041958041958,0.0
1.5727224349975586,0.0002877939529675252,-0.0025109375,-0.0013587412587412588,0.0
1.6096234321594238,0.00022060470324748044,-0.002512109375,-0.0013587412587412588,0.0
1.6465935707092285,0.00022060470324748044,-0.002512109375,-0.0013587412587412588,909.09
1.6844255924224854,0.00022060470324748044,-0.00251171875,-0.0013597902097902098,909.09
1.724381446838379,0.0001758118701007839,-0.00251171875,-0.0013597902097902098,2727.27
1.7622160911560059,0.0001758118701007839,-0.00251171875,-0.0013597902097902098,7272.73
1.802138090133667,0.00014221724524076152,-0.0025125,-0.0013597902097902098,5454.55
1.8440587520599365,0.00014221724524076152,-0.0025125,-0.0013597902097902098,5454.55
1.8810324668884277,0.00014221724524076152,-0.002509765625,-0.0013594405594405594,7272.73
1.9218788146972656,0.00016461366181410979,-0.002509765625,-0.0013594405594405594,8181.82
1.9617559909820557,0.00016461366181410979,-0.002501171875,-0.0013524475524475524,7272.73
1.999579906463623,0.00020940649496080632,-0.002501171875,-0.0013524475524475524,7272.73
2.0404703617095947,0.00020940649496080632,-0.00249296875,-0.0013451048951048951,7272.73
2.0813612937927246,0.00020940649496080632,-0.00249296875,-0.0013451048951048951,9090.91
2.118328094482422,0.00046696528555431133,-0.002489453125,-0.0013451048951048951,9090.91
2.15523099899292,0.00046696528555431133,-0.002489453125,-0.0013395104895104896,9090.91
2.1961145401000977,0.0008812989921612543,-0.002489453125,-0.0013395104895104896,10000.0
2.2330174446105957,0.0008812989921612543,-0.00248828125,-0.001334965034965035,11818.18
2.274064302444458,0.0008812989921612543,-0.00248828125,-0.001334965034965035,10000.0
2.3107900619506836,0.0014412094064949607,-0.00248828125,-0.001334965034965035,12727.27
2.351706027984619,0.0014412094064949607,-0.00248828125,-0.0013286713286713287,10909.09
2.392599582672119,0.002057110862262038,-0.00248671875,-0.0013286713286713287,10909.09
2.43349289894104,0.002057110862262038,-0.00248671875,-0.0013206293706293705,10909.09
2.4745302200317383,0.002057110862262038,-0.00248125,-0.0013206293706293705,9090.91
2.5112814903259277,0.0027961926091825307,-0.00248125,-0.0013122377622377622,11818.18
2.552172899246216,0.0027961926091825307,-0.00248125,-0.0013122377622377622,10000.0
2.5930261611938477,0.003568868980963046,-0.002475390625,-0.0013034965034965035,12727.27
2.6298956871032715,0.003568868980963046,-0.002475390625,-0.0013034965034965035,12727.27
2.670790672302246,0.003568868980963046,-0.002469921875,-0.0013034965034965035,10909.09
2.7077581882476807,0.004386338185890257,-0.002469921875,-0.0012933566433566434,11818.18
2.7485790252685547,0.004386338185890257,-0.002462109375,-0.0012933566433566434,12727.27
2.7855491638183594,0.00531578947368421,-0.002462109375,-0.0012832167832167833,12727.27
2.8264336585998535,0.00531578947368421,-0.00245390625,-0.0012832167832167833,12727.27
2.863492727279663,0.00531578947368421,-0.00245390625,-0.0012832167832167833,12727.27
2.9043891429901123,0.006357222844344906,-0.00245390625,-0.0012748251748251748,13636.36
2.941134452819824,0.006357222844344906,-0.0024453125,-0.0012748251748251748,10909.09
2.978175401687622,0.007488241881298993,-0.0024453125,-0.001266083916083916,13636.36
3.019076108932495,0.007488241881298993,-0.0024359375,-0.001266083916083916,13333.33
3.0607423782348633,0.007488241881298993,-0.0024359375,-0.0012562937062937064,13636.36
3.096712112426758,0.008664053751399777,-0.00242734375,-0.0012562937062937064,13636.36
3.137603998184204,0.008664053751399777,-0.00242734375,-0.0012562937062937064,13636.36
3.174508810043335,0.00991825307950728,-0.002419140625,-0.0012465034965034965,13636.36
3.2153842449188232,0.00991825307950728,-0.002419140625,-0.0012465034965034965,13636.36
3.2522311210632324,0.00991825307950728,-0.002419140625,-0.0012367132867132868,14545.45
3.293192148208618,0.01127323628219485,-0.00241015625,-0.0012367132867132868,14545.45
3.3300938606262207,0.01127323628219485,-0.00241015625,-0.0012258741258741259,13636.36
3.3669958114624023,0.01127323628219485,-0.002403125,-0.0012258741258741259,15454.54
3.4078423976898193,0.01274020156774916,-0.002403125,-0.0012258741258741259,13636.36
3.448775053024292,0.01274020156774916,-0.00240234375,-0.0012195804195804195,15454.54
3.485661506652832,0.014319148936170213,-0.00240234375,-0.0012195804195804195,14545.45
3.527529239654541,0.014319148936170213,-0.002404296875,-0.0012157342657342658,15454.54
3.567606210708618,0.014319148936170213,-0.002404296875,-0.0012157342657342658,16363.64
3.6093015670776367,0.01596528555431131,-0.002404296875,-0.0012167832167832167,16363.64
3.6503329277038574,0.01596528555431131,-0.002402734375,-0.0012167832167832167,15454.54
3.691124439239502,0.017521836506159016,-0.002402734375,-0.0012167832167832167,17272.73
3.7321677207946777,0.017521836506159016,-0.00239765625,-0.0012136363636363636,15454.54
3.77298903465271,0.017521836506159016,-0.00239765625,-0.0012136363636363636,16363.64
3.813952684402466,0.018988801791713326,-0.002391015625,-0.0012083916083916084,15454.54
3.8546862602233887,0.018988801791713326,-0.002391015625,-0.0012083916083916084,16363.64
3.8915903568267822,0.020422172452407614,-0.002384765625,-0.0012027972027972029,19090.91
3.9324800968170166,0.020422172452407614,-0.002384765625,-0.0012027972027972029,16363.64
3.973524570465088,0.021911534154535273,-0.002380078125,-0.001196853146853147,16363.64
4.014197111129761,0.021911534154535273,-0.002380078125,-0.001196853146853147,16363.64
4.055153846740723,0.021911534154535273,-0.002375,-0.001196853146853147,14545.45
4.096047878265381,0.023400895856662933,-0.002375,-0.0011916083916083916,16363.64
4.137865781784058,0.023400895856662933,-0.002375,-0.0011916083916083916,15454.54
4.177827835083008,0.02493505039193729,-0.00236875,-0.001184965034965035,18181.82
4.218710899353027,0.02493505039193729,-0.00236875,-0.001184965034965035,17272.73
4.259568214416504,0.02493505039193729,-0.0023640625,-0.001177972027972028,18181.82
4.297435760498047,0.02653639417693169,-0.0023640625,-0.001177972027972028,18181.82
4.338504076004028,0.02653639417693169,-0.00236015625,-0.001177972027972028,18181.82
4.379284381866455,0.028182530795072786,-0.00236015625,-0.0011716783216783218,20000.0
4.420174598693848,0.028182530795072786,-0.00235625,-0.0011716783216783218,20909.09
4.46107292175293,0.028182530795072786,-0.00235625,-0.0011657342657342658,18181.82
4.501958608627319,0.02981746920492721,-0.002351953125,-0.0011657342657342658,20000.0
4.542813062667847,0.02981746920492721,-0.002351953125,-0.001159090909090909,19090.91
4.583891153335571,0.03145240761478163,-0.002346484375,-0.001159090909090909,18181.82
4.62461519241333,0.03145240761478163,-0.002346484375,-0.0011517482517482518,20000.0
4.665451288223267,0.03145240761478163,-0.002346484375,-0.0011517482517482518,20000.0
4.702565431594849,0.03317693169092945,-0.002338671875,-0.0011517482517482518,20000.0
4.7432427406311035,0.03317693169092945,-0.002338671875,-0.0011426573426573427,18181.82
4.784348487854004,0.03496864501679731,-0.002332421875,-0.0011426573426573427,20000.0
4.8250908851623535,0.03496864501679731,-0.002332421875,-0.001132867132867133,22727.27
4.865984201431274,0.03683874580067189,-0.002325,-0.001132867132867133,17272.73
4.907803535461426,0.03683874580067189,-0.002325,-0.0011237762237762238,18181.82
4.948733568191528,0.03683874580067189,-0.002319140625,-0.0011237762237762238,17272.73
4.9895851612091064,0.038742441209406495,-0.002319140625,-0.0011237762237762238,20000.0
5.030474901199341,0.038742441209406495,-0.002312890625,-0.0011136363636363637,19090.91
5.0714240074157715,0.04064613661814109,-0.002312890625,-0.0011136363636363637,18333.33
5.108325242996216,0.04064613661814109,-0.002303515625,-0.001102097902097902,23636.36
5.149225234985352,0.04064613661814109,-0.002303515625,-0.001102097902097902,21818.18
5.190112590789795,0.04253863381858902,-0.002303515625,-0.0010902097902097902,20909.09
5.2310051918029785,0.04253863381858902,-0.002293359375,-0.0010902097902097902,22727.27
5.271902561187744,0.04444232922732363,-0.002293359375,-0.0010772727272727273,21818.18
5.312936067581177,0.04444232922732363,-0.002283984375,-0.0010772727272727273,22727.27
5.353682994842529,0.04444232922732363,-0.002283984375,-0.0010772727272727273,22727.27
5.39457106590271,0.0464020156774916,-0.002274609375,-0.001063986013986014,23636.36
5.4354567527771,0.0464020156774916,-0.002274609375,-0.001063986013986014,22727.27
5.476356744766235,0.04839529675251959,-0.002266015625,-0.0010520979020979021,24545.46
5.517243146896362,0.04839529675251959,-0.002266015625,-0.0010520979020979021,21818.18
5.554143905639648,0.04839529675251959,-0.00225703125,-0.0010398601398601398,24545.46
5.595036268234253,0.050410974244120936,-0.00225703125,-0.0010398601398601398,21818.18
5.635927200317383,0.050410974244120936,-0.00224921875,-0.001027972027972028,24545.46
5.6767473220825195,0.05244904815229563,-0.00224921875,-0.001027972027972028,19090.91
5.718634128570557,0.05244904815229563,-0.00224921875,-0.001027972027972028,20909.09
5.759526252746582,0.054498320268757,-0.0022390625,-0.0010164335664335665,23636.36
5.800632953643799,0.054498320268757,-0.0022390625,-0.0010164335664335665,20000.0
5.841375827789307,0.054498320268757,-0.00222890625,-0.0010045454545454546,20909.09
5.8821985721588135,0.056603583426651734,-0.00222890625,-0.0010045454545454546,23636.36
5.923158168792725,0.056603583426651734,-0.00221875,-0.0009926573426573427,23636.36
5.960205554962158,0.05873124300111982,-0.00221875,-0.0009926573426573427,27272.73
6.000949144363403,0.05873124300111982,-0.00221015625,-0.0009926573426573427,21818.18
6.041839361190796,0.05873124300111982,-0.00221015625,-0.0009804195804195804,24545.46
6.082720518112183,0.0608589025755879,-0.002200390625,-0.0009804195804195804,27272.73
6.123552083969116,0.0608589025755879,-0.002200390625,-0.0009678321678321678,24545.46
6.1645143032073975,0.06303135498320268,-0.002190625,-0.0009678321678321678,24545.46
6.205383062362671,0.06303135498320268,-0.002190625,-0.0009562937062937063,23636.36
6.246288776397705,0.06303135498320268,-0.002190625,-0.0009562937062937063,23636.36
6.28717827796936,0.06527099664053751,-0.002180078125,-0.0009444055944055945,27272.73
6.3290019035339355,0.06527099664053751,-0.002180078125,-0.0009444055944055945,25454.55
6.36590313911438,0.06744344904815229,-0.0021703125,-0.0009444055944055945,25454.55
6.405866384506226,0.06744344904815229,-0.0021703125,-0.0009328671328671329,23636.36
6.447799921035767,0.06744344904815229,-0.00216015625,-0.0009328671328671329,26363.64
6.488618612289429,0.06959350503919373,-0.00216015625,-0.0009230769230769231,27272.73
6.529687404632568,0.06959350503919373,-0.00215234375,-0.0009230769230769231,22727.27
6.570378065109253,0.07178835386338185,-0.00215234375,-0.0009143356643356643,25454.55
6.6112518310546875,0.07178835386338185,-0.0021453125,-0.0009143356643356643,22727.27
6.652352809906006,0.07399440089585665,-0.0021453125,-0.0009055944055944056,24545.46
6.6930999755859375,0.07399440089585665,-0.002139453125,-0.0009055944055944056,23636.36
6.734147310256958,0.07399440089585665,-0.002139453125,-0.0009055944055944056,25454.55
6.775028228759766,0.07627883538633819,-0.002139453125,-0.0008961538461538461,26363.64
6.81592321395874,0.07627883538633819,-0.002133203125,-0.0008961538461538461,28181.82
6.856647491455078,0.0786976483762598,-0.002133203125,-0.000886013986013986,26363.64
6.897552013397217,0.0786976483762598,-0.002126953125,-0.000886013986013986,27272.73
6.938445091247559,0.0786976483762598,-0.002126953125,-0.0008758741258741259,26363.64
6.983321666717529,0.08118365061590145,-0.0021203125,-0.0008758741258741259,26363.64
7.025205850601196,0.08118365061590145,-0.0021203125,-0.0008657342657342657,30000.0
7.066096067428589,0.08372564389697648,-0.00211328125,-0.0008657342657342657,27272.73
7.106993198394775,0.08372564389697648,-0.00211328125,-0.0008657342657342657,27272.73
7.148040771484375,0.08630123180291153,-0.002106640625,-0.0008562937062937063,29090.91
7.188776016235352,0.08630123180291153,-0.002106640625,-0.0008562937062937063,27272.73
7.229650020599365,0.08630123180291153,-0.0021015625,-0.0008468531468531469,29090.91
7.274543762207031,0.0889552071668533,-0.0021015625,-0.0008468531468531469,27272.73
7.315432786941528,0.0889552071668533,-0.002095703125,-0.0008367132867132867,28181.82
7.356327533721924,0.09163157894736843,-0.002095703125,-0.0008367132867132867,30909.09
7.397221326828003,0.09163157894736843,-0.002087109375,-0.0008262237762237762,28181.82
7.439034700393677,0.09163157894736843,-0.002087109375,-0.0008262237762237762,29090.91
7.483976364135742,0.09425195968645017,-0.00208203125,-0.0008157342657342657,30909.09
7.5250232219696045,0.09425195968645017,-0.00208203125,-0.0008157342657342657,29090.91
7.569707155227661,0.09691713325867862,-0.00208203125,-0.0008157342657342657,29090.91
7.610639810562134,0.09691713325867862,-0.0020765625,-0.0008052447552447553,30000.0
7.651538610458374,0.09963829787234044,-0.0020765625,-0.0008052447552447553,30000.0
7.696402549743652,0.09963829787234044,-0.002072265625,-0.0007954545454545455,30909.09
7.7374608516693115,0.09963829787234044,-0.002072265625,-0.0007954545454545455,29090.91
7.782188892364502,0.10239305711086227,-0.0020671875,-0.0007846153846153846,30909.09
7.82413649559021,0.10239305711086227,-0.0020671875,-0.0007846153846153846,30000.0
7.864958763122559,0.10508062709966406,-0.00206171875,-0.0007723776223776224,30000.0
7.9099953174591064,0.10508062709966406,-0.00206171875,-0.0007723776223776224,30000.0
7.950886964797974,0.10784658454647257,-0.002055859375,-0.0007601398601398601,30909.09
7.995765686035156,0.10784658454647257,-0.002055859375,-0.0007601398601398601,30909.09
8.036501169204712,0.10784658454647257,-0.002050390625,-0.0007468531468531468,30000.0
8.077381610870361,0.11063493840985443,-0.002050390625,-0.0007468531468531468,32727.27
8.122278928756714,0.11063493840985443,-0.002043359375,-0.0007468531468531468,30000.0
8.168084859848022,0.11341209406494962,-0.002043359375,-0.0007342657342657343,31818.18
8.209015607833862,0.11341209406494962,-0.00203515625,-0.0007342657342657343,29090.91
8.25391435623169,0.11632362821948489,-0.00203515625,-0.0007234265734265735,29090.91
8.298953294754028,0.11632362821948489,-0.002026171875,-0.0007234265734265735,31818.18
8.33984923362732,0.11923516237402017,-0.002026171875,-0.000713986013986014,30909.09
8.3845055103302,0.11923516237402017,-0.00201796875,-0.000713986013986014,30909.09
8.425614595413208,0.11923516237402017,-0.00201796875,-0.0007041958041958041,34545.45
8.470275640487671,0.12207950727883539,-0.002011328125,-0.0007041958041958041,30000.0
8.516196489334106,0.12207950727883539,-0.002011328125,-0.0006944055944055945,32727.27
8.556071281433105,0.12487905935050393,-0.0020046875,-0.0006944055944055945,32727.27
8.601994037628174,0.12487905935050393,-0.0020046875,-0.000683916083916084,31818.18
8.646835327148438,0.12764501679731244,-0.00199765625,-0.000683916083916084,32727.27
8.687763690948486,0.12764501679731244,-0.00199765625,-0.0006734265734265734,33636.36
8.732578754425049,0.12764501679731244,-0.001991015625,-0.0006734265734265734,31818.18
8.778489589691162,0.13036618141097425,-0.001991015625,-0.0006639860139860139,35454.55
8.81834602355957,0.13036618141097425,-0.00198515625,-0.0006639860139860139,34545.45
8.864290237426758,0.13308734602463607,-0.00198515625,-0.0006639860139860139,30909.09
8.90916919708252,0.13308734602463607,-0.00198046875,-0.0006555944055944056,33636.36
8.950063467025757,0.13586450167973124,-0.00198046875,-0.0006555944055944056,34545.45
8.99494457244873,0.13586450167973124,-0.001976953125,-0.0006468531468531469,32727.27
9.039753198623657,0.13868645016797312,-0.001976953125,-0.0006468531468531469,32727.27
9.080708265304565,0.13868645016797312,-0.001971875,-0.0006395104895104895,33333.33
9.125592708587646,0.13868645016797312,-0.001971875,-0.0006395104895104895,30000.0
9.171400785446167,0.14148600223964167,-0.0019671875,-0.0006311188811188812,31818.18
9.21235728263855,0.14148600223964167,-0.0019671875,-0.0006311188811188812,30909.09
9.257241249084473,0.1442855543113102,-0.001962109375,-0.0006258741258741259,30000.0
9.302266359329224,0.1442855543113102,-0.001962109375,-0.0006258741258741259,30909.09
9.347148656845093,0.14707390817469207,-0.00195859375,-0.000622027972027972,36363.64
9.388821840286255,0.14707390817469207,-0.00195859375,-0.000622027972027972,29090.91
9.432772159576416,0.1499182530795073,-0.001954296875,-0.0006174825174825175,32727.27
9.478618144989014,0.1499182530795073,-0.001954296875,-0.0006174825174825175,29090.91
9.519501447677612,0.1499182530795073,-0.00195234375,-0.0006132867132867133,31818.18
9.564570188522339,0.15274020156774917,-0.00195234375,-0.0006132867132867133,36363.64
9.60923171043396,0.15274020156774917,-0.001950390625,-0.0006108391608391608,33636.36
9.654182195663452,0.1556293393057111,-0.001950390625,-0.0006108391608391608,35454.55
9.69905710220337,0.1556293393057111,-0.0019515625,-0.0006066433566433567,35454.55
9.744929552078247,0.15855207166853305,-0.0019515625,-0.0006066433566433567,33636.36
9.789750099182129,0.15855207166853305,-0.00195234375,-0.0006066433566433567,34545.45
9.834692001342773,0.16139641657334827,-0.00195234375,-0.0006027972027972028,37272.73
9.875586986541748,0.16139641657334827,-0.001950390625,-0.0006027972027972028,32727.27
9.920464992523193,0.16139641657334827,-0.001950390625,-0.0005993006993006993,36363.64
9.965357780456543,0.1641623740201568,-0.001948046875,-0.0005993006993006993,37272.73
10.01119875907898,0.1641623740201568,-0.001948046875,-0.0005961538461538462,36363.64
10.056102275848389,0.16689473684210526,-0.001944140625,-0.0005961538461538462,36363.64
10.100987434387207,0.16689473684210526,-0.001944140625,-0.000594055944055944,36363.64
10.145862340927124,0.16958230683090705,-0.001939453125,-0.000594055944055944,38181.82
10.190744638442993,0.16958230683090705,-0.001939453125,-0.0005919580419580419,34545.45
10.236552715301514,0.17226987681970884,-0.00193828125,-0.0005919580419580419,37272.73
10.281552791595459,0.17226987681970884,-0.00193828125,-0.0005895104895104896,35454.55
10.326523065567017,0.17226987681970884,-0.0019375,-0.0005895104895104896,32727.27
10.371415138244629,0.17501343784994403,-0.0019375,-0.0005895104895104896,35454.55
10.412155151367188,0.17501343784994403,-0.001936328125,-0.0005895104895104896,36363.64
10.457180261611938,0.17768980963045913,-0.001936328125,-0.0005902097902097902,34545.45
10.501912355422974,0.17768980963045913,-0.001934765625,-0.0005902097902097902,38181.82
10.547792911529541,0.18028779395296754,-0.001934765625,-0.0005898601398601398,40000.0
10.592656135559082,0.18028779395296754,-0.00193203125,-0.0005898601398601398,35454.55
10.637493133544922,0.1828969764837626,-0.00193203125,-0.0005891608391608392,40000.0
10.68258261680603,0.1828969764837626,-0.001930078125,-0.0005891608391608392,40000.0
10.727241039276123,0.18547256438969767,-0.001930078125,-0.0005891608391608392,39090.91
10.772151947021484,0.18547256438969767,-0.001928125,-0.0005891608391608392,38181.82
10.817026853561401,0.18547256438969767,-0.001928125,-0.0005888111888111889,38181.82
10.862877607345581,0.1880481522956327,-0.00192421875,-0.0005888111888111889,37272.73
10.907757759094238,0.1880481522956327,-0.00192421875,-0.0005870629370629371,39090.91
10.952702283859253,0.19064613661814112,-0.001919921875,-0.0005870629370629371,39090.91
10.993742942810059,0.19064613661814112,-0.001919921875,-0.0005853146853146853,37272.73
11.03843355178833,0.19326651735722286,-0.001915234375,-0.0005853146853146853,37272.73
11.083321809768677,0.19326651735722286,-0.001915234375,-0.0005835664335664336,40000.0
11.129197120666504,0.1958868980963046,-0.0019078125,-0.0005835664335664336,38181.82
11.174076795578003,0.1958868980963046,-0.0019078125,-0.0005811188811188811,37272.73
11.218957424163818,0.1985296752519597,-0.001900390625,-0.0005811188811188811,37272.73
11.263878583908081,0.1985296752519597,-0.001900390625,-0.0005811188811188811,33636.36
11.308756828308105,0.1985296752519597,-0.00189296875,-0.0005776223776223777,34545.45
11.35456371307373,0.20113885778275475,-0.00189296875,-0.0005776223776223777,36363.64
11.39951205253601,0.20113885778275475,-0.0018859375,-0.0005765734265734266,35454.55
11.444376468658447,0.20352407614781637,-0.001880078125,-0.0005765734265734266,39090.91
11.489274740219116,0.20352407614781637,-0.001880078125,-0.0005755244755244755,40909.09
11.530163764953613,0.20574132138857784,-0.001873046875,-0.0005755244755244755,38181.82
11.575043201446533,0.20574132138857784,-0.001873046875,-0.0005737762237762238,40000.0
11.620884895324707,0.20788017917133259,-0.001868359375,-0.0005737762237762238,40000.0
11.665730237960815,0.20788017917133259,-0.001868359375,-0.0005706293706293706,38181.82
11.710825681686401,0.20788017917133259,-0.0018625,-0.0005706293706293706,38181.82
11.75571084022522,0.2099518477043673,-0.0018625,-0.0005674825174825175,39090.91
11.80040454864502,0.2099518477043673,-0.001853125,-0.0005674825174825175,37272.73
11.846248626708984,0.21175475923852186,-0.001853125,-0.0005653846153846154,40909.09
11.891194820404053,0.21175475923852186,-0.001843359375,-0.0005653846153846154,40909.09
11.936007499694824,0.21331131019036956,-0.001843359375,-0.0005636363636363636,38181.82
11.980889081954956,0.21331131019036956,-0.0018328125,-0.0005636363636363636,37272.73
12.025768041610718,0.21478947368421053,-0.0018328125,-0.000559090909090909,39090.91
12.066658973693848,0.21478947368421053,-0.00182421875,-0.000559090909090909,37272.73
12.11253571510315,0.21616685330347146,-0.00182421875,-0.0005534965034965035,36666.67
12.157524585723877,0.21616685330347146,-0.001815625,-0.0005534965034965035,36363.64
12.202362537384033,0.21616685330347146,-0.001815625,-0.0005475524475524476,33636.36
12.247247695922852,0.21739865621500562,-0.001805859375,-0.0005475524475524476,35454.55
12.292121887207031,0.21739865621500562,-0.001805859375,-0.0005426573426573427,35454.55
12.336970329284668,0.21847368421052632,-0.001796484375,-0.0005426573426573427,32727.27
12.3818838596344,0.21847368421052632,-0.001796484375,-0.0005384615384615384,39090.91
12.42778992652893,0.21924636058230684,-0.001790625,-0.0005384615384615384,40000.0
12.472806453704834,0.21924636058230684,-0.001790625,-0.0005367132867132868,37272.73
12.51752257347107,0.2197390817469205,-0.001783984375,-0.0005367132867132868,38181.82
12.562357187271118,0.2197390817469205,-0.001783984375,-0.0005353146853146853,38181.82
12.60329532623291,0.2197390817469205,-0.0017796875,-0.0005353146853146853,37272.73
12.648172855377197,0.21982866741321389,-0.0017796875,-0.0005353146853146853,37272.73
12.693007707595825,0.21982866741321389,-0.001775390625,-0.0005353146853146853,37272.73
12.739065408706665,0.21982866741321389,-0.001775390625,-0.0005353146853146853,35454.55
12.783811330795288,0.21982866741321389,-0.001772265625,-0.0005363636363636364,38181.82
12.828666687011719,0.21954871220604705,-0.001772265625,-0.0005363636363636364,38181.82
12.873570919036865,0.21954871220604705,-0.00176953125,-0.0005384615384615384,40909.09
12.919445514678955,0.21885442329227325,-0.00176953125,-0.0005384615384615384,35454.55
12.964484214782715,0.21885442329227325,-0.001768359375,-0.0005412587412587412,36363.64
13.009207487106323,0.21777939529675253,-0.001768359375,-0.0005412587412587412,38181.82
13.054086923599243,0.21777939529675253,-0.001766015625,-0.0005444055944055944,32500.0
13.098967552185059,0.21777939529675253,-0.001766015625,-0.0005444055944055944,32727.27
13.143778324127197,0.21652519596864503,-0.001763671875,-0.0005465034965034965,34545.45
13.184739828109741,0.21652519596864503,-0.001763671875,-0.0005465034965034965,32727.27
13.22960615158081,0.21512541993281076,-0.001761328125,-0.0005486013986013986,36363.64
13.275599241256714,0.21512541993281076,-0.001761328125,-0.0005486013986013986,36363.64
13.32037615776062,0.21354647256438972,-0.001759765625,-0.0005534965034965035,36363.64
13.365253925323486,0.21354647256438972,-0.001759765625,-0.0005534965034965035,36363.64
13.41013503074646,0.2118219484882419,-0.001760546875,-0.0005594405594405594,38181.82
13.45494532585144,0.2118219484882419,-0.001760546875,-0.0005594405594405594,33636.36
13.499897956848145,0.20986226203807393,-0.00176328125,-0.000565034965034965,37272.73
13.545774459838867,0.20986226203807393,-0.00176328125,-0.000565034965034965,34545.45
13.586810827255249,0.20986226203807393,-0.001766796875,-0.0005706293706293706,34545.45
13.6315438747406,0.20781298992161254,-0.001766796875,-0.0005706293706293706,35454.55
13.676420450210571,0.20781298992161254,-0.0017703125,-0.000577972027972028,38181.82
13.717463493347168,0.20570772676371782,-0.0017703125,-0.000577972027972028,35454.55
13.762188911437988,0.20570772676371782,-0.001777734375,-0.0005870629370629371,34545.45
13.808061122894287,0.20344568868980964,-0.001777734375,-0.0005870629370629371,35454.55
13.849112510681152,0.20344568868980964,-0.0017875,-0.0005972027972027972,34545.45
13.893773555755615,0.200993281075028,-0.0017875,-0.0005972027972027972,33636.36
13.938719272613525,0.200993281075028,-0.0017984375,-0.0005972027972027972,34545.45
13.979764461517334,0.200993281075028,-0.0017984375,-0.0006097902097902098,33636.36
14.024493217468262,0.1983952967525196,-0.001808203125,-0.0006097902097902098,35454.55
14.070300579071045,0.1983952967525196,-0.001808203125,-0.000620979020979021,30909.09
14.111196517944336,0.19577491601343786,-0.001819921875,-0.000620979020979021,35454.55
14.15613842010498,0.19577491601343786,-0.001819921875,-0.0006332167832167832,34545.45
14.201014995574951,0.19305375139977604,-0.001832421875,-0.0006332167832167832,34545.45
14.24191403388977,0.19305375139977604,-0.001832421875,-0.0006472027972027972,33636.36
14.286749839782715,0.19305375139977604,-0.001846484375,-0.0006472027972027972,34545.45
14.331808805465698,0.19028779395296752,-0.001846484375,-0.0006622377622377623,32727.27
14.372706651687622,0.19028779395296752,-0.00185859375,-0.0006622377622377623,29166.67
14.418369770050049,0.18755543113101905,-0.00185859375,-0.0006765734265734266,33636.36
14.46331262588501,0.18755543113101905,-0.00187109375,-0.0006765734265734266,28181.82
14.504212856292725,0.18482306830907055,-0.00187109375,-0.0006902097902097902,30000.0
14.549240350723267,0.18482306830907055,-0.001883984375,-0.0006902097902097902,30000.0
14.594118595123291,0.1821578947368421,-0.001883984375,-0.0007041958041958041,30909.09
14.635013580322266,0.1821578947368421,-0.001898828125,-0.0007041958041958041,28181.82
14.679741144180298,0.1821578947368421,-0.001898828125,-0.0007192307692307692,30000.0
14.72562551498413,0.17953751399776036,-0.0019171875,-0.0007192307692307692,28181.82
14.766538858413696,0.17953751399776036,-0.0019171875,-0.0007192307692307692,28181.82
14.811380624771118,0.176973124300112,-0.00193359375,-0.0007353146853146854,35454.55
14.856270790100098,0.176973124300112,-0.00193359375,-0.0007353146853146854,30909.09
14.897313117980957,0.17447592385218366,-0.00194921875,-0.0007517482517482518,32727.27
14.942037105560303,0.17447592385218366,-0.00194921875,-0.0007517482517482518,30909.09
14.986918449401855,0.1718107502799552,-0.0019640625,-0.0007706293706293706,31818.18
15.02873706817627,0.1718107502799552,-0.0019640625,-0.0007706293706293706,30909.09
15.07361626625061,0.1718107502799552,-0.001976953125,-0.0007895104895104895,30909.09
15.118566274642944,0.16911198208286676,-0.001976953125,-0.0007895104895104895,30000.0
15.159609079360962,0.16911198208286676,-0.00198828125,-0.0008083916083916084,31818.18
15.204487085342407,0.16645800671892497,-0.00198828125,-0.0008083916083916084,32727.27
15.249368667602539,0.16645800671892497,-0.00200078125,-0.0008290209790209791,30909.09
15.290109872817993,0.16377043673012318,-0.00200078125,-0.0008290209790209791,30909.09
15.335916757583618,0.16377043673012318,-0.0020125,-0.0008496503496503497,30909.09
15.380864381790161,0.16377043673012318,-0.0020125,-0.0008496503496503497,29090.91
15.42175006866455,0.16097088465845466,-0.00202421875,-0.0008685314685314686,30000.0
15.466612339019775,0.16097088465845466,-0.00202421875,-0.0008685314685314686,29090.91
15.511613130569458,0.15816013437849946,-0.002034375,-0.0008870629370629371,30000.0
15.552391290664673,0.15816013437849946,-0.002034375,-0.0008870629370629371,30000.0
15.598215818405151,0.15529339305711087,-0.002044140625,-0.0008870629370629371,28181.82
15.638179779052734,0.15529339305711087,-0.002044140625,-0.0009055944055944056,30000.0
15.68418574333191,0.15237066069428892,-0.002053515625,-0.0009055944055944056,29090.91
15.724876403808594,0.15237066069428892,-0.002053515625,-0.0009230769230769231,29090.91
15.76996660232544,0.15237066069428892,-0.0020625,-0.0009230769230769231,30000.0
15.810705661773682,0.14940313549832027,-0.0020625,-0.0009398601398601399,30000.0
15.851537466049194,0.14940313549832027,-0.00207265625,-0.0009398601398601399,28181.82
15.896447896957397,0.14646920492721166,-0.00207265625,-0.0009545454545454546,29090.91
15.937332153320312,0.14646920492721166,-0.00208359375,-0.0009545454545454546,29090.91
15.982206344604492,0.14360246360582307,-0.00208359375,-0.0009702797202797203,28181.82
16.023147344589233,0.14360246360582307,-0.002094140625,-0.0009702797202797203,29090.91
16.064966440200806,0.14360246360582307,-0.002094140625,-0.0009863636363636363,27272.73
16.105877161026,0.1407805151175812,-0.002101953125,-0.0009863636363636363,27272.73
16.14680576324463,0.1407805151175812,-0.002101953125,-0.0009863636363636363,27272.73
16.187654972076416,0.138003359462486,-0.002109375,-0.0009993006993006992,27272.73
16.23273229598999,0.138003359462486,-0.002109375,-0.0009993006993006992,27272.73
16.273627042770386,0.13519260918253082,-0.002109375,-0.0010122377622377623,27272.73
16.31437087059021,0.13519260918253082,-0.00211796875,-0.0010122377622377623,25454.55
16.35540461540222,0.13519260918253082,-0.00211796875,-0.0010248251748251748,26363.64
16.39615249633789,0.13235946248600225,-0.002130859375,-0.0010248251748251748,26363.64
16.437191486358643,0.13235946248600225,-0.002130859375,-0.0010346153846153847,26363.64
16.481921434402466,0.12950391937290034,-0.0021421875,-0.0010346153846153847,28181.82
16.522812366485596,0.12950391937290034,-0.0021421875,-0.0010437062937062938,26363.64
16.56365990638733,0.12950391937290034,-0.002154296875,-0.0010437062937062938,25454.55
16.605520963668823,0.12673796192609182,-0.002154296875,-0.0010437062937062938,27272.73
16.646410703659058,0.12673796192609182,-0.00216484375,-0.0010545454545454545,27272.73
16.68752121925354,0.12405039193729005,-0.00216484375,-0.0010545454545454545,25454.55
16.732259511947632,0.12405039193729005,-0.00217578125,-0.0010636363636363636,26363.64
16.773141622543335,0.12132922732362823,-0.00217578125,-0.0010636363636363636,23636.36
16.814035415649414,0.12132922732362823,-0.00218515625,-0.0010737762237762237,24545.46
16.855074882507324,0.12132922732362823,-0.00218515625,-0.0010737762237762237,21818.18
16.895817041397095,0.11854087346024637,-0.002195703125,-0.0010846153846153846,22727.27
16.93670105934143,0.11854087346024637,-0.002195703125,-0.0010846153846153846,22727.27
16.977595567703247,0.11580851063829788,-0.00220625,-0.0010846153846153846,21818.18
17.022470235824585,0.11580851063829788,-0.00220625,-0.001095804195804196,24545.46
17.064322471618652,0.11580851063829788,-0.00220625,-0.001095804195804196,21818.18
17.105401277542114,0.11306494960806272,-0.002218359375,-0.0011048951048951048,22727.27
17.14614224433899,0.11306494960806272,-0.002218359375,-0.0011048951048951048,22727.27
17.187029361724854,0.11033258678611423,-0.00223125,-0.0011122377622377621,26363.64
17.227925300598145,0.11033258678611423,-0.00223125,-0.0011122377622377621,23636.36
17.268817901611328,0.10758902575587907,-0.00224375,-0.0011206293706293707,27272.73
17.309701919555664,0.10758902575587907,-0.00224375,-0.0011206293706293707,22727.27
17.35059666633606,0.10758902575587907,-0.002255859375,-0.0011286713286713286,24545.46
17.39148473739624,0.1049350503919373,-0.002255859375,-0.0011286713286713286,22727.27
17.42832040786743,0.1049350503919373,-0.00226953125,-0.0011286713286713286,21818.18
17.46923518180847,0.1022922732362822,-0.00226953125,-0.0011370629370629371,23636.36
17.510170221328735,0.1022922732362822,-0.002284765625,-0.0011370629370629371,21818.18
17.551060438156128,0.1022922732362822,-0.002284765625,-0.0011475524475524476,23636.36
17.591952800750732,0.09960470324748041,-0.002284765625,-0.0011475524475524476,21818.18
17.632798671722412,0.09960470324748041,-0.00230078125,-0.0011562937062937063,21818.18
17.673734188079834,0.09691713325867862,-0.00230078125,-0.0011562937062937063,24545.46
17.714608430862427,0.09691713325867862,-0.0023140625,-0.0011562937062937063,21818.18
17.75544571876526,0.09691713325867862,-0.0023140625,-0.0011653846153846154,23636.36
17.797532081604004,0.09417357222844346,-0.0023234375,-0.0011653846153846154,23636.36
17.83429765701294,0.09417357222844346,-0.0023234375,-0.0011741258741258742,20000.0
17.875191926956177,0.0914188129899216,-0.00233203125,-0.0011741258741258742,21818.18
17.916086196899414,0.0914188129899216,-0.00233203125,-0.0011828671328671329,18181.82
17.95690631866455,0.08864165733482643,-0.002341796875,-0.0011828671328671329,20000.0
17.997798442840576,0.08864165733482643,-0.002341796875,-0.0011902097902097902,20000.0
18.038756132125854,0.08864165733482643,-0.002351171875,-0.0011902097902097902,20000.0
18.07963466644287,0.08595408734602464,-0.002351171875,-0.0011902097902097902,21818.18
18.12053942680359,0.08595408734602464,-0.002351171875,-0.0012006993006993007,21818.18
18.16142702102661,0.08333370660694289,-0.0023609375,-0.0012006993006993007,20909.09
18.202470541000366,0.08333370660694289,-0.0023609375,-0.0012111888111888112,23636.36
18.239217519760132,0.08333370660694289,-0.002371875,-0.0012111888111888112,20000.0
18.280112743377686,0.08073572228443449,-0.002371875,-0.001218881118881119,20000.0
18.32100224494934,0.08073572228443449,-0.002383203125,-0.001218881118881119,20000.0
18.35790729522705,0.07814893617021276,-0.002383203125,-0.001218881118881119,20000.0
18.398796796798706,0.07814893617021276,-0.002396875,-0.0012258741258741259,21818.18
18.4396812915802,0.07814893617021276,-0.002396875,-0.0012258741258741259,19090.91
18.476585865020752,0.07559574468085106,-0.00240703125,-0.0012318181818181818,22727.27
18.51841688156128,0.07559574468085106,-0.00240703125,-0.0012318181818181818,16363.64
18.559327840805054,0.07310974244120941,-0.00240703125,-0.0012374125874125873,19090.91
18.596365928649902,0.07310974244120941,-0.00241640625,-0.0012374125874125873,20000.0
18.637139320373535,0.07310974244120941,-0.00241640625,-0.0012374125874125873,17500.0
18.67797875404358,0.07070212765957447,-0.00242578125,-0.0012423076923076923,20000.0
18.714937448501587,0.07070212765957447,-0.00242578125,-0.0012423076923076923,18181.82
18.756001710891724,0.06833930571108622,-0.002436328125,-0.001248951048951049,19090.91
18.792670726776123,0.06833930571108622,-0.002436328125,-0.001248951048951049,20000.0
18.83361530303955,0.06833930571108622,-0.002445703125,-0.0012552447552447552,20909.09
18.870482683181763,0.06611086226203808,-0.002445703125,-0.0012552447552447552,18181.82
18.911413192749023,0.06611086226203808,-0.002453515625,-0.0012552447552447552,19090.91
18.952316999435425,0.06394960806270997,-0.002453515625,-0.0012632867132867133,19090.91
18.989213466644287,0.06394960806270997,-0.002453515625,-0.0012632867132867133,16363.64
19.03011178970337,0.06394960806270997,-0.0024609375,-0.0012713286713286714,16363.64
19.07093095779419,0.06182194848824188,-0.0024609375,-0.0012713286713286714,16363.64
19.10804009437561,0.06182194848824188,-0.002468359375,-0.001279020979020979,15454.54
19.148933172225952,0.05975027995520717,-0.002468359375,-0.001279020979020979,16666.67
19.185685396194458,0.05975027995520717,-0.0024765625,-0.001279020979020979,16363.64
19.226576805114746,0.05975027995520717,-0.0024765625,-0.0012877622377622379,16363.64
19.267401218414307,0.057645016797312425,-0.002484765625,-0.0012877622377622379,19090.91
19.30850887298584,0.057645016797312425,-0.002484765625,-0.0012972027972027972,18181.82
19.3492534160614,0.05561814109742441,-0.002484765625,-0.0012972027972027972,17272.73
19.394131898880005,0.05561814109742441,-0.00249453125,-0.0013059440559440559,16363.64
19.43497395515442,0.05561814109742441,-0.00249453125,-0.0013059440559440559,16363.64
19.47586965560913,0.05369204927211646,-0.002502734375,-0.0013125874125874126,17272.73
19.516735315322876,0.05369204927211646,-0.002502734375,-0.0013125874125874126,14545.45
19.55862259864807,0.05184434490481523,-0.002510546875,-0.0013125874125874126,16363.64
19.599564790725708,0.05184434490481523,-0.002510546875,-0.0013174825174825176,17272.73
19.64445924758911,0.05184434490481523,-0.002518359375,-0.0013174825174825176,15454.54
19.685347318649292,0.050030235162374016,-0.002518359375,-0.0013216783216783217,16363.64
19.73019576072693,0.050030235162374016,-0.0025265625,-0.0013216783216783217,15454.54
19.771127223968506,0.04821612541993281,-0.0025265625,-0.0013269230769230769,15454.54
19.812016010284424,0.04821612541993281,-0.002530859375,-0.0013269230769230769,14545.45
19.85689353942871,0.04637961926091825,-0.002530859375,-0.0013328671328671328,14545.45
19.898731470108032,0.04637961926091825,-0.002533984375,-0.0013328671328671328,15454.54
19.943615436553955,0.04461030235162374,-0.002533984375,-0.0013388111888111888,15454.54
19.984553337097168,0.04461030235162374,-0.002539453125,-0.0013388111888111888,14545.45
20.02537488937378,0.04461030235162374,-0.002539453125,-0.0013454545454545455,14545.45
20.070324659347534,0.04288577827547592,-0.002544140625,-0.0013454545454545455,15454.54
20.111212015151978,0.04288577827547592,-0.002544140625,-0.0013454545454545455,12727.27
20.15605902671814,0.041150055991041434,-0.002549609375,-0.0013527972027972028,13636.36
20.196988821029663,0.041150055991041434,-0.002549609375,-0.0013527972027972028,13636.36
20.24187159538269,0.03942553191489361,-0.002555078125,-0.0013601398601398602,14545.45
20.28275728225708,0.03942553191489361,-0.002555078125,-0.0013601398601398602,14545.45
20.323632955551147,0.03942553191489361,-0.002558203125,-0.001367132867132867,12727.27
20.369526147842407,0.03771220604703247,-0.002558203125,-0.001367132867132867,14545.45
20.410401344299316,0.03771220604703247,-0.0025625,-0.001372027972027972,14545.45
20.455296277999878,0.036010078387458004,-0.0025625,-0.001372027972027972,11818.18
20.496186017990112,0.036010078387458004,-0.0025625,-0.0013772727272727272,12727.27
20.537078619003296,0.03427435610302351,-0.002567578125,-0.0013772727272727272,12727.27
20.581958532333374,0.03427435610302351,-0.002567578125,-0.001383916083916084,12727.27
20.622846126556396,0.03427435610302351,-0.002570703125,-0.001383916083916084,11818.18
20.667662143707275,0.032594624860022396,-0.002570703125,-0.001383916083916084,12727.27
20.70954465866089,0.032594624860022396,-0.0025734375,-0.001389160839160839,10909.09
20.750499963760376,0.030959686450167972,-0.0025734375,-0.001389160839160839,12727.27
20.79531717300415,0.030959686450167972,-0.00257734375,-0.0013926573426573427,12727.27
20.8362078666687,0.02941433370660694,-0.00257734375,-0.0013926573426573427,10000.0
20.88108777999878,0.02941433370660694,-0.002581640625,-0.0013965034965034964,10909.09
20.92205834388733,0.02941433370660694,-0.002581640625,-0.0013965034965034964,10909.09
20.96286916732788,0.027913773796192608,-0.00258515625,-0.001401048951048951,10909.09
21.007752656936646,0.027913773796192608,-0.00258515625,-0.001401048951048951,10909.09
21.04968237876892,0.026357222844344903,-0.00258828125,-0.0014055944055944055,10000.0
21.090527296066284,0.026357222844344903,-0.00258828125,-0.0014055944055944055,9090.91
21.135465383529663,0.024823068309070547,-0.002590625,-0.0014118881118881119,10000.0
21.176361799240112,0.024823068309070547,-0.002590625,-0.0014118881118881119,9090.91
21.217251777648926,0.024823068309070547,-0.002592578125,-0.0014118881118881119,9090.91
21.258145332336426,0.023277715565509515,-0.002592578125,-0.0014174825174825174,9090.91
21.302958011627197,0.023277715565509515,-0.002594140625,-0.0014174825174825174,8181.82
21.343919038772583,0.021777155655095186,-0.002594140625,-0.0014206293706293706,8181.82
21.384808778762817,0.021777155655095186,-0.002598046875,-0.0014206293706293706,9090.91
21.42569851875305,0.021777155655095186,-0.002598046875,-0.0014230769230769232,7272.73
21.467521905899048,0.020332586786114222,-0.0026015625,-0.0014230769230769232,7272.73
21.508408308029175,0.020332586786114222,-0.0026015625,-0.0014262237762237761,8181.82
21.54932427406311,0.018955207166853304,-0.0026015625,-0.0014262237762237761,7272.73
21.59424376487732,0.018955207166853304,-0.002602734375,-0.0014262237762237761,7272.73
21.63513684272766,0.017577827547592385,-0.002602734375,-0.0014290209790209791,7272.73
21.676177501678467,0.017577827547592385,-0.002604296875,-0.0014290209790209791,6363.64
21.717073917388916,0.017577827547592385,-0.002604296875,-0.0014318181818181819,5454.55
21.757746696472168,0.016245240761478163,-0.002605078125,-0.0014318181818181819,7272.73
21.798633575439453,0.016245240761478163,-0.002605078125,-0.001434965034965035,5454.55
21.843732595443726,0.014968645016797313,-0.00260625,-0.001434965034965035,6363.64
21.884473085403442,0.014968645016797313,-0.00260625,-0.001438111888111888,5454.55
21.925366163253784,0.013736842105263158,-0.002609375,-0.001438111888111888,5454.55
21.967182397842407,0.013736842105263158,-0.002609375,-0.0014416083916083916,5000.0
22.00714635848999,0.013736842105263158,-0.0026125,-0.0014416083916083916,5454.55
22.04796576499939,0.0125498320268757,-0.0026125,-0.0014416083916083916,4545.45
22.089918851852417,0.0125498320268757,-0.002614453125,-0.0014444055944055944,4545.45
22.130807638168335,0.011452407614781635,-0.002614453125,-0.0014444055944055944,5454.55
22.17185115814209,0.011452407614781635,-0.002617578125,-0.0014458041958041957,4545.45
22.212694883346558,0.011452407614781635,-0.002617578125,-0.0014458041958041957,5454.55
22.25348687171936,0.010422172452407615,-0.002617578125,-0.0014472027972027971,5454.55
22.294519186019897,0.010422172452407615,-0.00261875,-0.0014472027972027971,3636.36
22.33520197868347,0.009425531914893618,-0.00261875,-0.00145,4545.45
22.37631058692932,0.009425531914893618,-0.002621484375,-0.00145,3636.36
22.41704535484314,0.009425531914893618,-0.002621484375,-0.00145,3636.36
22.457870483398438,0.008417693169092945,-0.002624609375,-0.0014548951048951049,4545.45
22.494996309280396,0.008417693169092945,-0.002624609375,-0.0014548951048951049,2727.27
22.535731315612793,0.007465845464725645,-0.00262734375,-0.0014594405594405594,2727.27
22.576768398284912,0.007465845464725645,-0.00262734375,-0.0014594405594405594,1818.18
22.61352300643921,0.007465845464725645,-0.00263046875,-0.0014622377622377622,1818.18
22.654398918151855,0.006603583426651736,-0.00263046875,-0.0014622377622377622,2727.27
22.69529938697815,0.006603583426651736,-0.002633984375,-0.0014622377622377622,1818.18
22.732147693634033,0.00577491601343785,-0.002633984375,-0.0014653846153846154,4545.45
22.773090839385986,0.00577491601343785,-0.002633984375,-0.0014653846153846154,909.09
22.811028242111206,0.00577491601343785,-0.0026375,-0.0014685314685314685,909.09
22.85104012489319,0.00499104143337066,-0.0026375,-0.0014685314685314685,1818.18
22.88872790336609,0.00499104143337066,-0.002641015625,-0.001473076923076923,3636.36
22.924686193466187,0.004307950727883539,-0.002641015625,-0.001473076923076923,0.0
22.961593627929688,0.004307950727883539,-0.002644140625,-0.001473076923076923,0.0
22.998489141464233,0.004307950727883539,-0.002644140625,-0.0014783216783216782,0.0
23.040380477905273,0.003680851063829787,-0.002644140625,-0.0014783216783216782,3636.36
