0.0,0,0.051922732362821945,0.00713046875,0.014491608391608391,0.0
0.0009512901306152344,0,0.051911534154535276,0.00713046875,0.014491608391608391,0.0
0.0019257068634033203,0,0.00046696528555431133,0.00713046875,0.014487062937062938,0.0
0.0019257068634033203,0,0.051922732362821945,0.00713046875,0.014487062937062938,0.0
0.002901315689086914,0,0.051922732362821945,0.00713046875,0.014491608391608391,0.0
0.002901315689086914,0,0.051911534154535276,0.00713046875,0.014491608391608391,0.0
0.0038776397705078125,0,0.051911534154535276,0.007126953125,0.014491608391608391,0.0
0.0038776397705078125,0,0.051911534154535276,0.007126953125,0.014491608391608391,0.0
0.004853725433349609,0,0.051911534154535276,0.007126953125,0.014496153846153846,0.0
0.004853725433349609,0,0.051911534154535276,0.007126953125,0.014496153846153846,0.0
0.005829572677612305,0,0.051922732362821945,0.007122265625,0.014496153846153846,0.0
0.005829572677612305,0,0.051922732362821945,0.007122265625,0.014496153846153846,0.0
0.0068051815032958984,0,0.051922732362821945,0.007122265625,0.014501748251748253,0.0
0.0068051815032958984,0,0.051922732362821945,0.007122265625,0.014501748251748253,0.0
0.0077817440032958984,0,0.05193393057110862,0.007116796875,0.014501748251748253,0.0
0.0077817440032958984,0,0.05193393057110862,0.007116796875,0.014501748251748253,0.0
0.008757352828979492,0,0.05193393057110862,0.007116796875,0.014505594405594405,0.0
0.008757352828979492,0,0.05193393057110862,0.007116796875,0.014505594405594405,0.0
0.00973367691040039,0,0.05193393057110862,0.007112890625,0.014505594405594405,0.0
0.010740518569946289,0,0.051922732362821945,0.007112890625,0.014505594405594405,0.0
0.010740518569946289,0,0.051922732362821945,0.007112890625,0.01450979020979021,0.0
0.011723518371582031,0,0.051922732362821945,0.007108984375,0.01450979020979021,0.0
0.012661218643188477,0,0.051922732362821945,0.007108984375,0.01450979020979021,0.0
0.012661218643188477,0,0.051922732362821945,0.007108984375,0.01450979020979021,0.0
0.013637542724609375,0,0.051922732362821945,0.007108984375,0.014515034965034965,0.0
0.013637542724609375,0,0.051922732362821945,0.007105078125,0.014515034965034965,0.0
0.014613151550292969,0,0.051922732362821945,0.007105078125,0.014515034965034965,0.0
0.014613151550292969,0,0.051922732362821945,0.007105078125,0.014515034965034965,0.0
0.015589714050292969,0,0.05195632698768197,0.007105078125,0.014515034965034965,0.0
0.015589714050292969,0,0.05195632698768197,0.0071015625,0.01451993006993007,0.0
0.016565322875976562,0,0.05195632698768197,0.0071015625,0.01451993006993007,0.0
0.016565322875976562,0,0.05195632698768197,0.0071015625,0.01451993006993007,0.0
0.01754164695739746,0,0.05200111982082867,0.0071015625,0.01451993006993007,0.0
0.01754164695739746,0,0.05200111982082867,0.0071,0.014524475524475524,0.0
0.018517255783081055,0,0.05200111982082867,0.0071,0.014524475524475524,0.0
0.018517255783081055,0,0.05200111982082867,0.0071,0.014524475524475524,0.0
0.019493579864501953,0,0.05200111982082867,0.0071,0.014524475524475524,0.0
0.020500898361206055,0,0.052023516237402014,0.007096875,0.014528321678321679,0.0
0.021445751190185547,0,0.052023516237402014,0.007096875,0.014528321678321679,0.0
0.021445751190185547,0,0.052023516237402014,0.007096875,0.014528321678321679,0.0
0.02242136001586914,0,0.052023516237402014,0.007096875,0.014528321678321679,0.0
0.02242136001586914,0,0.05207950727883538,0.007094140625,0.014532167832167832,0.0
0.02339768409729004,0,0.05207950727883538,0.007094140625,0.014532167832167832,0.0
0.02339768409729004,0,0.05207950727883538,0.007094140625,0.014532167832167832,0.0
0.024373292922973633,0,0.05207950727883538,0.007094140625,0.014532167832167832,0.0
0.024373292922973633,0,0.05207950727883538,0.00709375,0.014537062937062938,0.0
0.02534961700439453,0,0.05209070548712206,0.00709375,0.014537062937062938,0.0
0.02534961700439453,0,0.05209070548712206,0.00709375,0.014537062937062938,0.0
0.026325225830078125,0,0.05209070548712206,0.00709375,0.014537062937062938,0.0
0.026325225830078125,0,0.05209070548712206,0.007091015625,0.014537062937062938,0.0
0.027301549911499023,0,0.05207950727883538,0.007091015625,0.014540559440559441,0.0
0.027301549911499023,0,0.05207950727883538,0.007091015625,0.014540559440559441,0.0
0.03611922264099121,0,0.05207950727883538,0.007091015625,0.014540559440559441,4285.71
0.05661368370056152,0,0.05207950727883538,0.007091796875,0.014540559440559441,3333.33
0.07710981369018555,0,0.05207950727883538,0.007091796875,0.014540559440559441,3809.52
0.10248041152954102,0,0.052057110862262036,0.007091796875,0.014540559440559441,4761.9
0.12294960021972656,0,0.052057110862262036,0.007091796875,0.014540559440559441,7142.86
0.14737629890441895,0,0.052057110862262036,0.007094140625,0.014540559440559441,14761.9
0.1678457260131836,0,0.052057110862262036,0.007094140625,0.014538461538461538,19523.81
0.18834161758422852,0,0.05201231802911534,0.007094140625,0.014538461538461538,23809.52
0.2127687931060791,0,0.05201231802911534,0.007094140625,0.014538461538461538,27619.05
0.23326492309570312,0,0.05201231802911534,0.007314453125,0.014538461538461538,27142.86
0.2537345886230469,0,0.05201231802911534,0.007314453125,0.014287062937062937,25714.29
0.2781672477722168,0,0.05201231802911534,0.007314453125,0.014287062937062937,29047.62
0.2986631393432617,0,0.04920156774916013,0.007314453125,0.014287062937062937,26190.48
0.3230624198913574,0,0.04920156774916013,0.008888671875,0.014287062937062937,27619.05
0.34355807304382324,0,0.04920156774916013,0.008888671875,0.012481818181818182,26190.48
0.36405348777770996,0,0.04920156774916013,0.008888671875,0.012481818181818182,26666.67
0.3884541988372803,0,-0.02378835386338186,0.008888671875,0.012481818181818182,26190.48
0.408949613571167,0,-0.02378835386338186,0.013542578125,0.012481818181818182,26666.67
0.4343276023864746,0,-0.02378835386338186,0.013542578125,0.00844055944055944,28095.24
0.4547898769378662,0,-0.02378835386338186,0.013542578125,0.00844055944055944,26190.48
0.47528576850891113,0,-0.02378835386338186,0.013542578125,0.00844055944055944,28095.24
0.49968600273132324,0,-0.334023516237402,0.018034765625,0.00844055944055944,25238.09
0.5201821327209473,0,-0.334023516237402,0.018034765625,0.00844055944055944,26666.67
0.5406777858734131,0,-0.334023516237402,0.018034765625,0.004820279720279721,24285.71
0.5650782585144043,0,-0.334023516237402,0.018034765625,0.004820279720279721,27142.86
0.5855739116668701,0,-0.7813919372900336,0.0223390625,0.004820279720279721,27142.86
0.6100063323974609,0,-0.7813919372900336,0.0223390625,0.004820279720279721,29047.62
0.6305012702941895,0,-0.7813919372900336,0.0223390625,0.0011419580419580419,25714.29
0.6509661674499512,0,-0.7813919372900336,0.0223390625,0.0011419580419580419,28095.24
0.6753995418548584,0,-0.7813919372900336,0.026712890625,0.0011419580419580419,24761.91
0.6958937644958496,0,-1.243609182530795,0.026712890625,0.0011419580419580419,27619.05
0.7163898944854736,0,-1.243609182530795,0.026712890625,-0.0025503496503496504,27142.86
0.7407896518707275,0,-1.243609182530795,0.026712890625,-0.0025503496503496504,26190.48
0.7612869739532471,0,-1.243609182530795,0.03153203125,-0.0025503496503496504,26190.48
0.7866616249084473,0,-1.720204927211646,0.03153203125,-0.0025503496503496504,28095.24
0.8061819076538086,0,-1.720204927211646,0.03153203125,-0.006138461538461539,26666.67
0.8266794681549072,0,-1.720204927211646,0.03153203125,-0.006138461538461539,28571.43
0.8520538806915283,0,-1.720204927211646,0.036479296875,-0.006138461538461539,26666.67
0.872544527053833,0,-1.720204927211646,0.036479296875,-0.006138461538461539,26666.67
0.8930416107177734,0,-2.183340425531915,0.036479296875,-0.009538111888111888,26190.48
0.9174423217773438,0,-2.183340425531915,0.036479296875,-0.009538111888111888,25714.29
0.9379398822784424,0,-2.183340425531915,0.0412640625,-0.009538111888111888,25714.29
0.9623370170593262,0,-2.183340425531915,0.0412640625,-0.009538111888111888,27619.05
0.9828341007232666,0,-2.641817469204927,0.0412640625,-0.009538111888111888,27619.05
1.0033352375030518,0,-2.641817469204927,0.0412640625,-0.012847202797202797,28571.43
1.0277366638183594,0,-2.641817469204927,0.046032421875,-0.012847202797202797,28571.43
1.0482292175292969,0,-2.641817469204927,0.046032421875,-0.012847202797202797,25714.29
1.068725824356079,0,-2.641817469204927,0.046032421875,-0.012847202797202797,26190.48
1.0931251049041748,0,-3.105120940649496,0.046032421875,-0.016195804195804197,26666.67
1.113621473312378,0,-3.105120940649496,0.05085703125,-0.016195804195804197,28571.43
1.1380221843719482,0,-3.105120940649496,0.05085703125,-0.016195804195804197,25238.09
1.158517599105835,0,-3.105120940649496,0.05085703125,-0.016195804195804197,28571.43
1.1790142059326172,0,-3.5607984322508397,0.05085703125,-0.01953041958041958,28571.43
1.2043933868408203,0,-3.5607984322508397,0.055491015625,-0.01953041958041958,25238.09
1.2248854637145996,0,-3.5607984322508397,0.055491015625,-0.01953041958041958,27142.86
1.2492856979370117,0,-3.5607984322508397,0.055491015625,-0.01953041958041958,27619.05
1.2697832584381104,0,-3.5607984322508397,0.055491015625,-0.022816083916083914,25714.29
1.2902777194976807,0,-4.012836506159014,0.06011640625,-0.022816083916083914,25714.29
1.3146469593048096,0,-4.012836506159014,0.06011640625,-0.022816083916083914,26190.48
1.3351736068725586,0,-4.012836506159014,0.06011640625,-0.022816083916083914,27619.05
1.3556690216064453,0,-4.012836506159014,0.06011640625,-0.026119930069930068,28095.24
1.3800392150878906,0,-4.466363941769317,0.0647734375,-0.026119930069930068,28095.24
1.4005682468414307,0,-4.466363941769317,0.0647734375,-0.026119930069930068,24761.91
1.4249672889709473,0,-4.466363941769317,0.0647734375,-0.026119930069930068,26190.48
1.4454624652862549,0,-4.466363941769317,0.0647734375,-0.029435664335664337,26666.67
1.465958595275879,0,-4.466363941769317,0.0694078125,-0.029435664335664337,27142.86
1.490358591079712,0,-4.9192306830907055,0.0694078125,-0.029435664335664337,26190.48
1.510847806930542,0,-4.9192306830907055,0.0694078125,-0.029435664335664337,25714.29
1.5313506126403809,0,-4.9192306830907055,0.0694078125,-0.029435664335664337,25238.09
1.5557503700256348,0,-4.9192306830907055,0.073875,-0.0328541958041958,24761.91
1.5762462615966797,0,-5.3703057110862265,0.073875,-0.0328541958041958,24285.71
1.6016218662261963,0,-5.3703057110862265,0.073875,-0.0328541958041958,26666.67
1.6221132278442383,0,-5.3703057110862265,0.073875,-0.0328541958041958,24285.71
1.6426098346710205,0,-5.3703057110862265,0.078153125,-0.03634965034965035,24761.91
1.6670103073120117,0,-5.3703057110862265,0.078153125,-0.03634965034965035,24761.91
1.6875057220458984,0,-5.822590145576708,0.078153125,-0.03634965034965035,27619.05
1.7080018520355225,0,-5.822590145576708,0.078153125,-0.03634965034965035,26666.67
1.7323994636535645,0,-5.822590145576708,0.08121171875,-0.03956888111888112,24761.91
1.7528715133666992,0,-5.822590145576708,0.08121171875,-0.03956888111888112,28095.24
1.777271032333374,0,-6.270350503919373,0.08121171875,-0.03956888111888112,25454.54
1.797766923904419,0,-6.270350503919373,0.08121171875,-0.03956888111888112,26190.48
1.8182623386383057,0,-6.270350503919373,0.081579296875,-0.04113916083916084,24761.91
1.8426635265350342,0,-6.270350503919373,0.081579296875,-0.04113916083916084,28095.24
1.863158941268921,0,-6.270350503919373,0.081579296875,-0.04113916083916084,26190.48
1.887559413909912,0,-6.7131724524076155,0.081579296875,-0.04113916083916084,28095.24
1.908055067062378,0,-6.7131724524076155,0.081569921875,-0.04120839160839161,24761.91
1.928551435470581,0,-6.7131724524076155,0.081569921875,-0.04120839160839161,25714.29
1.9539260864257812,0,-6.7131724524076155,0.081569921875,-0.04120839160839161,27142.86
1.9744234085083008,0,-7.087002239641658,0.081569921875,-0.04120839160839161,26666.67
1.9949195384979248,0,-7.087002239641658,0.081344140625,-0.04120839160839161,27142.86
2.0193192958831787,0,-7.087002239641658,0.081344140625,-0.0405506993006993,28571.43
2.039815902709961,0,-7.087002239641658,0.081344140625,-0.0405506993006993,27142.86
2.0642154216766357,0,-7.087002239641658,0.081344140625,-0.0405506993006993,28571.43
2.0847113132476807,0,-7.2179204927211655,0.0815078125,-0.0405506993006993,25714.29
2.1052072048187256,0,-7.2179204927211655,0.0815078125,-0.040358041958041956,27619.05
2.1296074390411377,0,-7.2179204927211655,0.0815078125,-0.040358041958041956,27142.86
2.150103807449341,0,-7.2179204927211655,0.0815078125,-0.040358041958041956,28095.24
2.1705994606018066,0,-7.2179204927211655,0.081681640625,-0.040358041958041956,24285.71
2.1949992179870605,0,-7.2179204927211655,0.081681640625,-0.04020874125874126,28095.24
2.2154951095581055,0,-7.2179204927211655,0.081681640625,-0.04020874125874126,27142.86
2.2398953437805176,0,-7.2179204927211655,0.081681640625,-0.04020874125874126,27142.86
2.2603912353515625,0,-7.2179204927211655,0.08179453125,-0.04020874125874126,25238.09
2.2808873653411865,0,-7.210507278835387,0.08179453125,-0.039842657342657344,26666.67
2.3062632083892822,0,-7.210507278835387,0.08179453125,-0.039842657342657344,25714.29
2.3257832527160645,0,-7.210507278835387,0.08179453125,-0.039842657342657344,26190.48
2.3462791442871094,0,-7.210507278835387,0.081626953125,-0.039842657342657344,25714.29
2.3716557025909424,0,-7.188648376259799,0.081626953125,-0.03961958041958042,27619.05
2.3921515941619873,0,-7.188648376259799,0.081626953125,-0.03961958041958042,23809.52
2.4165515899658203,0,-7.188648376259799,0.081626953125,-0.03961958041958042,26666.67
2.4370484352111816,0,-7.188648376259799,0.081373046875,-0.03961958041958042,25714.29
2.4575436115264893,0,-7.188648376259799,0.081373046875,-0.03960034965034965,25714.29
2.4819436073303223,0,-7.151134378499441,0.081373046875,-0.03960034965034965,29523.81
2.5024402141571045,0,-7.151134378499441,0.081373046875,-0.03960034965034965,23809.52
2.5268394947052,0,-7.151134378499441,0.0810796875,-0.03960034965034965,27619.05
2.547335624694824,0,-7.151134378499441,0.0810796875,-0.03960034965034965,25238.09
2.567831516265869,0,-7.124404255319149,0.0810796875,-0.0395958041958042,26666.67
2.592231273651123,0,-7.124404255319149,0.0810796875,-0.0395958041958042,23333.33
2.612727642059326,0,-7.124404255319149,0.08078046875,-0.0395958041958042,24285.71
2.63322377204895,0,-7.124404255319149,0.08078046875,-0.0395958041958042,24761.91
2.657623529434204,0,-7.124404255319149,0.08078046875,-0.03961993006993007,28571.43
2.679095506668091,0,-7.0953673012318035,0.08078046875,-0.03961993006993007,24761.91
2.703495502471924,0,-7.0953673012318035,0.08063125,-0.03961993006993007,26190.48
2.723991632461548,0,-7.0953673012318035,0.08063125,-0.03961993006993007,24761.91
2.744488000869751,0,-7.0953673012318035,0.08063125,-0.03960104895104895,27142.86
2.7688863277435303,0,-7.0684580067189255,0.08063125,-0.03960104895104895,24761.91
2.7893824577331543,0,-7.0684580067189255,0.0804984375,-0.03960104895104895,25714.29
2.809878349304199,0,-7.0684580067189255,0.0804984375,-0.03960104895104895,24285.71
2.8342783451080322,0,-7.0684580067189255,0.0804984375,-0.039634615384615386,27142.86
2.854774236679077,0,-7.0684580067189255,0.0804984375,-0.039634615384615386,24761.91
2.8791744709014893,0,-7.043956326987683,0.080325,-0.039634615384615386,25714.29
2.899670362472534,0,-7.043956326987683,0.080325,-0.039634615384615386,28095.24
2.9201667308807373,0,-7.043956326987683,0.080325,-0.039695804195804194,26190.48
2.944566249847412,0,-7.043956326987683,0.080325,-0.039695804195804194,24285.71
2.9650626182556152,0,-7.01985778275476,0.08006484375,-0.039695804195804194,29047.62
2.985558271408081,0,-7.01985778275476,0.08006484375,-0.039695804195804194,25238.09
3.0099587440490723,0,-7.01985778275476,0.08006484375,-0.039695804195804194,28095.24
3.030454397201538,0,-7.01985778275476,0.08006484375,-0.03978076923076923,25714.29
3.05485463142395,0,-7.01985778275476,0.0798578125,-0.03978076923076923,26666.67
3.075350284576416,0,-6.996946248600224,0.0798578125,-0.03978076923076923,24761.91
3.095846652984619,0,-6.996946248600224,0.0798578125,-0.03978076923076923,26666.67
3.121222734451294,0,-6.996946248600224,0.0798578125,-0.03978076923076923,25714.29
3.1417202949523926,0,-6.996946248600224,0.079842578125,-0.03978076923076923,25238.09
3.1661200523376465,0,-6.9730268756998885,0.079842578125,-0.03978076923076923,25714.29
3.1866157054901123,0,-6.9730268756998885,0.079842578125,-0.03978076923076923,24285.71
3.2071125507354736,0,-6.9730268756998885,0.079842578125,-0.03970734265734266,25714.29
3.2315123081207275,0,-6.9730268756998885,0.07986484375,-0.03970734265734266,25714.29
3.2520079612731934,0,-6.9730268756998885,0.07986484375,-0.03970734265734266,24761.91
3.2725038528442383,0,-6.947853303471445,0.07986484375,-0.03970734265734266,25714.29
3.2969038486480713,0,-6.947853303471445,0.07986484375,-0.039607342657342656,26666.67
3.317399740219116,0,-6.947853303471445,0.079705859375,-0.039607342657342656,26190.48
3.3417999744415283,0,-6.947853303471445,0.079705859375,-0.039607342657342656,27619.05
3.3622958660125732,0,-6.922399776035835,0.079705859375,-0.039607342657342656,25238.09
3.3827922344207764,0,-6.922399776035835,0.079705859375,-0.03947972027972028,28095.24
3.407191753387451,0,-6.922399776035835,0.079625390625,-0.03947972027972028,26190.48
3.4276881217956543,0,-6.922399776035835,0.079625390625,-0.03947972027972028,26190.48
3.448184013366699,0,-6.922399776035835,0.079625390625,-0.03947972027972028,26190.48
3.473560333251953,0,-6.902982082866742,0.079625390625,-0.03940839160839161,26666.67
3.49405574798584,0,-6.902982082866742,0.07960390625,-0.03940839160839161,23333.33
3.518455982208252,0,-6.902982082866742,0.07960390625,-0.03940839160839161,27142.86
3.538952112197876,0,-6.902982082866742,0.07960390625,-0.03940839160839161,25238.09
3.559448003768921,0,-6.881145576707727,0.07960390625,-0.03940839160839161,25238.09
3.583848237991333,0,-6.881145576707727,0.07942421875,-0.03933041958041958,25714.29
3.604344129562378,0,-6.881145576707727,0.07942421875,-0.03933041958041958,24761.91
3.6248397827148438,0,-6.881145576707727,0.07942421875,-0.03933041958041958,24761.91
3.649240016937256,0,-6.881145576707727,0.07942421875,-0.03933041958041958,25714.29
3.6697356700897217,0,-6.8587043673012325,0.07915625,-0.03924195804195804,25714.29
3.694136142730713,0,-6.8587043673012325,0.07915625,-0.03924195804195804,25714.29
3.714632034301758,0,-6.8587043673012325,0.07915625,-0.03924195804195804,22380.95
3.735128164291382,0,-6.8587043673012325,0.07915625,-0.03924195804195804,25714.29
3.7595279216766357,0,-6.842914893617022,0.078995703125,-0.03916993006993007,25238.09
3.7800240516662598,0,-6.842914893617022,0.078995703125,-0.03916993006993007,24761.91
3.804424524307251,0,-6.842914893617022,0.078995703125,-0.03916993006993007,28571.43
3.824920177459717,0,-6.842914893617022,0.078995703125,-0.03916993006993007,24285.71
3.84541654586792,0,-6.842914893617022,0.078926171875,-0.039176923076923074,25714.29
3.8707923889160156,0,-6.8312127659574475,0.078926171875,-0.039176923076923074,25238.09
3.8912880420684814,0,-6.8312127659574475,0.078926171875,-0.039176923076923074,27142.86
3.9117844104766846,0,-6.8312127659574475,0.078926171875,-0.039176923076923074,24285.71
3.9361841678619385,0,-6.8312127659574475,0.07886328125,-0.03932447552447552,26190.48
3.9566810131073,0,-6.818021276595745,0.07886328125,-0.03932447552447552,23333.33
3.9810800552368164,0,-6.818021276595745,0.07886328125,-0.03932447552447552,24285.71
4.0015764236450195,0,-6.818021276595745,0.07886328125,-0.03932447552447552,24761.91
4.022072076797485,0,-6.818021276595745,0.078787890625,-0.03932447552447552,25714.29
4.046472549438477,0,-6.818021276595745,0.078787890625,-0.03930594405594406,24285.71
4.0669684410095215,0,-6.801223964165734,0.078787890625,-0.03930594405594406,27142.86
4.0874645709991455,0,-6.801223964165734,0.078787890625,-0.03930594405594406,25714.29
4.111864328384399,0,-6.801223964165734,0.07877421875,-0.03930594405594406,26666.67
4.132360458374023,0,-6.801223964165734,0.07877421875,-0.039085664335664336,24285.71
4.156760215759277,0,-6.785725643896977,0.07877421875,-0.039085664335664336,25238.09
4.177255868911743,0,-6.785725643896977,0.07877421875,-0.039085664335664336,26190.48
4.197752237319946,0,-6.785725643896977,0.078784765625,-0.039085664335664336,25714.29
4.223128318786621,0,-6.785725643896977,0.078784765625,-0.03902797202797203,23809.52
4.243624448776245,0,-6.785725643896977,0.078784765625,-0.03902797202797203,27619.05
4.263144016265869,0,-6.775053751399777,0.078784765625,-0.03902797202797203,23809.52
4.288519859313965,0,-6.775053751399777,0.078666015625,-0.03902797202797203,24761.91
4.309016942977905,0,-6.775053751399777,0.078666015625,-0.03913426573426573,23809.52
4.333415985107422,0,-6.775053751399777,0.078666015625,-0.03913426573426573,25714.29
4.353912830352783,0,-6.76561366181411,0.078666015625,-0.03913426573426573,24761.91
4.374408483505249,0,-6.76561366181411,0.078565234375,-0.03913426573426573,26666.67
4.398808240890503,0,-6.76561366181411,0.078565234375,-0.03923076923076923,25714.29
4.419304370880127,0,-6.76561366181411,0.078565234375,-0.03923076923076923,26666.67
4.43980073928833,0,-6.76561366181411,0.078565234375,-0.03923076923076923,26190.48
4.464200258255005,0,-6.755132138857784,0.078691015625,-0.03923076923076923,27272.73
4.484696865081787,0,-6.755132138857784,0.078691015625,-0.03912412587412587,25714.29
4.509096622467041,0,-6.755132138857784,0.078691015625,-0.03912412587412587,26190.48
4.529592514038086,0,-6.755132138857784,0.078691015625,-0.03912412587412587,25238.09
4.550088167190552,0,-6.745636058230684,0.07879609375,-0.03912412587412587,25238.09
4.574488401412964,0,-6.745636058230684,0.07879609375,-0.03912412587412587,26666.67
4.594984292984009,0,-6.745636058230684,0.07879609375,-0.03905769230769231,21904.76
4.620360612869263,0,-6.745636058230684,0.07879609375,-0.03905769230769231,23809.52
4.6408562660217285,0,-6.745636058230684,0.078778515625,-0.03905769230769231,24761.91
4.661352634429932,0,-6.733575587905936,0.078778515625,-0.03905769230769231,26190.48
4.685752630233765,0,-6.733575587905936,0.078778515625,-0.039027622377622376,26190.48
4.706248760223389,0,-6.733575587905936,0.078778515625,-0.039027622377622376,24761.91
4.726744651794434,0,-6.733575587905936,0.078737109375,-0.039027622377622376,24761.91
4.751144647598267,0,-6.7208320268757005,0.078737109375,-0.039027622377622376,26666.67
4.771640777587891,0,-6.7208320268757005,0.078737109375,-0.039003146853146854,25714.29
4.796040773391724,0,-6.7208320268757005,0.078737109375,-0.039003146853146854,27142.86
4.8165366649627686,0,-6.7208320268757005,0.07864453125,-0.039003146853146854,25714.29
4.837032794952393,0,-6.7208320268757005,0.07864453125,-0.039003146853146854,25238.09
4.8614325523376465,0,-6.7074949608062715,0.07864453125,-0.03885874125874126,23333.33
4.88192892074585,0,-6.7074949608062715,0.07864453125,-0.03885874125874126,26666.67
4.902424573898315,0,-6.7074949608062715,0.078614453125,-0.03885874125874126,26190.48
4.926825046539307,0,-6.7074949608062715,0.078614453125,-0.03885874125874126,21904.76
4.9473206996917725,0,-6.69558006718925,0.078614453125,-0.03864475524475525,26190.48
4.971720457077026,0,-6.69558006718925,0.078614453125,-0.03864475524475525,33333.33
4.993192911148071,0,-6.69558006718925,0.07839609375,-0.03864475524475525,24761.91
5.0127129554748535,0,-6.69558006718925,0.07839609375,-0.03864475524475525,20952.38
5.038089036941528,0,-6.69558006718925,0.07839609375,-0.03864475524475525,20952.38
5.058584690093994,0,-6.685893617021277,0.07839609375,-0.03847657342657343,23809.52
5.079081058502197,0,-6.685893617021277,0.0782046875,-0.03847657342657343,23333.33
5.103480577468872,0,-6.685893617021277,0.0782046875,-0.03847657342657343,25714.29
5.123976469039917,0,-6.685893617021277,0.0782046875,-0.03847657342657343,25714.29
5.148376941680908,0,-6.677494960806271,0.0782046875,-0.03851958041958042,25714.29
5.168873071670532,0,-6.677494960806271,0.07802265625,-0.03851958041958042,26666.67
5.189368724822998,0,-6.677494960806271,0.07802265625,-0.03851958041958042,26190.48
5.21376895904541,0,-6.677494960806271,0.07802265625,-0.03851958041958042,27619.05
5.234265327453613,0,-6.677494960806271,0.07802265625,-0.038583916083916085,24761.91
5.25866436958313,0,-6.664057110862262,0.078067578125,-0.038583916083916085,24285.71
5.279160737991333,0,-6.664057110862262,0.078067578125,-0.038583916083916085,21904.76
5.299656391143799,0,-6.664057110862262,0.078067578125,-0.038583916083916085,22380.95
5.32405686378479,0,-6.664057110862262,0.078067578125,-0.038415384615384615,27142.86
5.345528841018677,0,-6.652276595744682,0.077992578125,-0.038415384615384615,26666.67
5.365048885345459,0,-6.652276595744682,0.077992578125,-0.038415384615384615,30000.0
5.390424728393555,0,-6.652276595744682,0.077992578125,-0.038415384615384615,25238.09
5.410920858383179,0,-6.652276595744682,0.077992578125,-0.038133916083916086,24761.91
5.435320854187012,0,-6.652276595744682,0.07784375,-0.038133916083916086,25238.09
5.455816984176636,0,-6.642164613661815,0.07784375,-0.038133916083916086,23333.33
5.476312875747681,0,-6.642164613661815,0.07784375,-0.038133916083916086,24285.71
5.500712871551514,0,-6.642164613661815,0.07784375,-0.037786013986013986,25238.09
5.521208763122559,0,-6.642164613661815,0.077786328125,-0.037786013986013986,27142.86
5.541705131530762,0,-6.627886898096305,0.077786328125,-0.037786013986013986,23333.33
5.566104888916016,0,-6.627886898096305,0.077786328125,-0.037786013986013986,25238.09
5.586601257324219,0,-6.627886898096305,0.077786328125,-0.037786013986013986,23809.52
5.6110007762908936,0,-6.627886898096305,0.077657421875,-0.037477972027972026,26666.67
5.631497144699097,0,-6.627886898096305,0.077657421875,-0.037477972027972026,24761.91
5.6519927978515625,0,-6.6146170212765965,0.077657421875,-0.037477972027972026,27142.86
5.676393270492554,0,-6.6146170212765965,0.077657421875,-0.037477972027972026,23333.33
5.6968889236450195,0,-6.6146170212765965,0.077487890625,-0.03739755244755245,30000.0
5.717385292053223,0,-6.6146170212765965,0.077487890625,-0.03739755244755245,28095.24
5.7417848110198975,0,-6.607483762597985,0.077487890625,-0.03739755244755245,25714.29
5.762281179428101,0,-6.607483762597985,0.077487890625,-0.03739755244755245,27142.86
5.787657260894775,0,-6.607483762597985,0.07744140625,-0.037425524475524476,23809.52
5.80815315246582,0,-6.607483762597985,0.07744140625,-0.037425524475524476,24761.91
5.828649282455444,0,-6.607483762597985,0.07744140625,-0.037425524475524476,26190.48
5.853049039840698,0,-6.598928331466966,0.07744140625,-0.037425524475524476,25238.09
5.873545169830322,0,-6.598928331466966,0.077453515625,-0.037276923076923076,23333.33
5.897945165634155,0,-6.598928331466966,0.077453515625,-0.037276923076923076,26190.48
5.918441295623779,0,-6.598928331466966,0.077453515625,-0.037276923076923076,23333.33
5.938937664031982,0,-6.588782754759239,0.077453515625,-0.037276923076923076,28095.24
5.963337421417236,0,-6.588782754759239,0.077496484375,-0.03697902097902098,27142.86
5.983833074569702,0,-6.588782754759239,0.077496484375,-0.03697902097902098,24761.91
6.004328489303589,0,-6.588782754759239,0.077496484375,-0.03697902097902098,21428.57
6.028759717941284,0,-6.588782754759239,0.077496484375,-0.03697902097902098,23809.52
6.04925537109375,0,-6.57500895856663,0.07744140625,-0.03697902097902098,24761.91
6.073655843734741,0,-6.57500895856663,0.07744140625,-0.03671923076923077,23809.52
6.09415340423584,0,-6.57500895856663,0.07744140625,-0.03671923076923077,22380.95
6.1146485805511475,0,-6.57500895856663,0.07744140625,-0.03671923076923077,27619.05
6.139047861099243,0,-6.562343784994401,0.077230078125,-0.03671923076923077,20952.38
6.159543752670288,0,-6.562343784994401,0.077230078125,-0.03660909090909091,28571.43
6.180041551589966,0,-6.562343784994401,0.077230078125,-0.03660909090909091,22380.95
6.2053844928741455,0,-6.562343784994401,0.077230078125,-0.03660909090909091,27142.86
6.22588038444519,0,-6.562343784994401,0.077090234375,-0.03660909090909091,22857.14
6.250280380249023,0,-6.555232922732364,0.077090234375,-0.036541608391608395,26666.67
6.270803213119507,0,-6.555232922732364,0.077090234375,-0.036541608391608395,24761.91
6.291299104690552,0,-6.555232922732364,0.077090234375,-0.036541608391608395,24761.91
6.315699100494385,0,-6.555232922732364,0.077101171875,-0.036541608391608395,24285.71
6.33619499206543,0,-6.544930571108623,0.077101171875,-0.03639055944055944,27619.05
6.356692790985107,0,-6.544930571108623,0.077101171875,-0.03639055944055944,25238.09
6.381096124649048,0,-6.544930571108623,0.077101171875,-0.03639055944055944,27619.05
6.401601076126099,0,-6.544930571108623,0.0771375,-0.03639055944055944,23809.52
6.425992250442505,0,-6.544930571108623,0.0771375,-0.036258041958041956,25714.29
6.446490287780762,0,-6.5347178051511765,0.0771375,-0.036258041958041956,27619.05
6.466984272003174,0,-6.5347178051511765,0.0771375,-0.036258041958041956,23333.33
6.491385459899902,0,-6.5347178051511765,0.077113671875,-0.036258041958041956,26190.48
6.5118491649627686,0,-6.5347178051511765,0.077113671875,-0.036258041958041956,22857.14
6.537256717681885,0,-6.526923852183651,0.077113671875,-0.036258041958041956,26190.48
6.557753324508667,0,-6.526923852183651,0.077113671875,-0.036258041958041956,23333.33
6.578254699707031,0,-6.526923852183651,0.0771328125,-0.036258041958041956,28571.43
6.60265040397644,0,-6.526923852183651,0.0771328125,-0.036258041958041956,22380.95
6.623144149780273,0,-6.526923852183651,0.0771328125,-0.03636153846153846,28095.24
6.643641948699951,0,-6.521279955207167,0.0771328125,-0.03636153846153846,23809.52
6.668040752410889,0,-6.521279955207167,0.077276953125,-0.03636153846153846,26666.67
6.688539743423462,0,-6.521279955207167,0.077276953125,-0.03636153846153846,24761.91
6.712936162948608,0,-6.521279955207167,0.077276953125,-0.036363986013986015,23809.52
6.733430624008179,0,-6.516016797312431,0.077276953125,-0.036363986013986015,25238.09
6.753897666931152,0,-6.516016797312431,0.07738515625,-0.036363986013986015,25238.09
6.7783238887786865,0,-6.516016797312431,0.07738515625,-0.036363986013986015,25714.29
6.798819303512573,0,-6.516016797312431,0.07738515625,-0.036226223776223775,24761.91
6.819316148757935,0,-6.516016797312431,0.07738515625,-0.036226223776223775,25238.09
6.843716621398926,0,-6.505568868980964,0.077259765625,-0.036226223776223775,26190.48
6.864210844039917,0,-6.505568868980964,0.077259765625,-0.036226223776223775,23333.33
6.888611793518066,0,-6.505568868980964,0.077259765625,-0.03618146853146853,26666.67
6.909106969833374,0,-6.505568868980964,0.077259765625,-0.03618146853146853,24761.91
6.929608345031738,0,-6.495053751399777,0.077264453125,-0.03618146853146853,25714.29
6.9549524784088135,0,-6.495053751399777,0.077264453125,-0.03618146853146853,24761.91
6.975476503372192,0,-6.495053751399777,0.077264453125,-0.03634300699300699,24761.91
6.998904466629028,0,-6.495053751399777,0.077263671875,-0.03634300699300699,25238.09
7.020370960235596,0,-6.495053751399777,0.077263671875,-0.03634300699300699,25238.09
7.040867328643799,0,-6.4872933930571115,0.077263671875,-0.03634300699300699,26190.48
7.065261125564575,0,-6.4872933930571115,0.077263671875,-0.03634300699300699,24761.91
7.0857648849487305,0,-6.4872933930571115,0.077231640625,-0.03653111888111888,26190.48
7.106260061264038,0,-6.4872933930571115,0.077231640625,-0.03653111888111888,25238.09
7.130661725997925,0,-6.4824221724524085,0.077231640625,-0.03653111888111888,23809.52
7.151156902313232,0,-6.4824221724524085,0.077231640625,-0.03653111888111888,22272.73
7.175560474395752,0,-6.4824221724524085,0.077331640625,-0.0366451048951049,27142.86
7.196051836013794,0,-6.4824221724524085,0.077331640625,-0.0366451048951049,24761.91
7.216552495956421,0,-6.4824221724524085,0.077331640625,-0.0366451048951049,24285.71
7.240948438644409,0,-6.476195968645017,0.077331640625,-0.0366451048951049,24285.71
7.261448383331299,0,-6.476195968645017,0.077526953125,-0.03663006993006993,25238.09
7.281939744949341,0,-6.476195968645017,0.077526953125,-0.03663006993006993,24761.91
7.307315826416016,0,-6.476195968645017,0.077526953125,-0.03663006993006993,26666.67
7.327812910079956,0,-6.4695554311310195,0.077526953125,-0.03663006993006993,26190.48
7.352185249328613,0,-6.4695554311310195,0.07741015625,-0.03652482517482517,24761.91
7.372680902481079,0,-6.4695554311310195,0.07741015625,-0.03652482517482517,25238.09
7.393204212188721,0,-6.4695554311310195,0.07741015625,-0.03652482517482517,26666.67
7.4176084995269775,0,-6.4695554311310195,0.07741015625,-0.03652482517482517,24761.91
7.438104867935181,0,-6.461257558790594,0.077198828125,-0.036457342657342656,24761.91
7.458601474761963,0,-6.461257558790594,0.077198828125,-0.036457342657342656,24761.91
7.483003616333008,0,-6.461257558790594,0.077198828125,-0.036457342657342656,24761.91
7.503465890884399,0,-6.461257558790594,0.077198828125,-0.036457342657342656,25238.09
7.527891635894775,0,-6.454740201567749,0.077084375,-0.036492657342657345,25714.29
7.5483880043029785,0,-6.454740201567749,0.077084375,-0.036492657342657345,23333.33
7.568889856338501,0,-6.454740201567749,0.077084375,-0.036492657342657345,24285.71
7.593290090560913,0,-6.454740201567749,0.077084375,-0.036492657342657345,23809.52
7.613784313201904,0,-6.454740201567749,0.0771203125,-0.036492657342657345,25238.09
7.634280681610107,0,-6.448648376259799,0.0771203125,-0.03658741258741259,23809.52
7.65868067741394,0,-6.448648376259799,0.0771203125,-0.03658741258741259,24761.91
7.679172039031982,0,-6.448648376259799,0.0771203125,-0.03658741258741259,24285.71
7.704548120498657,0,-6.448648376259799,0.07728671875,-0.03658741258741259,23809.52
7.7250447273254395,0,-6.442769316909295,0.07728671875,-0.0366451048951049,26190.48
7.745539665222168,0,-6.442769316909295,0.07728671875,-0.0366451048951049,25238.09
7.769940137863159,0,-6.442769316909295,0.07728671875,-0.0366451048951049,24285.71
7.790435552597046,0,-6.442769316909295,0.07741953125,-0.0366451048951049,27619.05
7.81484055519104,0,-6.442769316909295,0.07741953125,-0.0367,25714.29
7.835306167602539,0,-6.439241881298993,0.07741953125,-0.0367,25714.29
7.855828046798706,0,-6.439241881298993,0.07741953125,-0.0367,25238.09
7.8802330493927,0,-6.439241881298993,0.077426171875,-0.0367,23809.52
7.9007158279418945,0,-6.439241881298993,0.077426171875,-0.036684615384615385,27619.05
7.921226263046265,0,-6.436251959686451,0.077426171875,-0.036684615384615385,24285.71
7.945619583129883,0,-6.436251959686451,0.077426171875,-0.036684615384615385,23809.52
7.966120958328247,0,-6.436251959686451,0.077444140625,-0.036684615384615385,25238.09
7.990490198135376,0,-6.436251959686451,0.077444140625,-0.03673111888111888,25238.09
8.010986328125,0,-6.436251959686451,0.077444140625,-0.03673111888111888,25714.29
8.031482219696045,0,-6.428950727883539,0.077444140625,-0.03673111888111888,25238.09
8.056884050369263,0,-6.428950727883539,0.077445703125,-0.03673111888111888,23809.52
8.076410055160522,0,-6.428950727883539,0.077445703125,-0.03673111888111888,25238.09
8.09690546989441,0,-6.428950727883539,0.077445703125,-0.0367979020979021,26190.48
8.122281551361084,0,-6.424292273236283,0.077445703125,-0.0367979020979021,25714.29
8.142772436141968,0,-6.424292273236283,0.07731328125,-0.0367979020979021,24761.91
8.167176961898804,0,-6.424292273236283,0.07731328125,-0.0367979020979021,24761.91
8.187675714492798,0,-6.424292273236283,0.07731328125,-0.03683531468531469,23809.52
8.20817232131958,0,-6.424292273236283,0.07731328125,-0.03683531468531469,25714.29
8.232569694519043,0,-6.419241881298992,0.077110546875,-0.03683531468531469,24761.91
8.253066062927246,0,-6.419241881298992,0.077110546875,-0.03683531468531469,24761.91
8.273563623428345,0,-6.419241881298992,0.077110546875,-0.036874125874125877,24285.71
8.297961473464966,0,-6.419241881298992,0.077110546875,-0.036874125874125877,26666.67
8.318458080291748,0,-6.41507614781635,0.07703828125,-0.036874125874125877,25238.09
8.342858791351318,0,-6.41507614781635,0.07703828125,-0.036874125874125877,26190.48
8.363353252410889,0,-6.41507614781635,0.07703828125,-0.03693076923076923,23333.33
8.38385009765625,0,-6.41507614781635,0.07703828125,-0.03693076923076923,26190.48
8.408218622207642,0,-6.41507614781635,0.077221875,-0.03693076923076923,23809.52
8.428745031356812,0,-6.409678611422173,0.077221875,-0.03693076923076923,26190.48
8.449210405349731,0,-6.409678611422173,0.077221875,-0.0368986013986014,23809.52
8.474618434906006,0,-6.409678611422173,0.077221875,-0.0368986013986014,22857.14
8.495113372802734,0,-6.409678611422173,0.077253515625,-0.0368986013986014,24761.91
8.51948094367981,0,-6.402858902575589,0.077253515625,-0.0368986013986014,25714.29
8.539977312088013,0,-6.402858902575589,0.077253515625,-0.03680944055944056,25238.09
8.5604727268219,0,-6.402858902575589,0.077253515625,-0.03680944055944056,24761.91
8.58487319946289,0,-6.402858902575589,0.07712734375,-0.03680944055944056,25238.09
8.605368852615356,0,-6.402858902575589,0.07712734375,-0.03680944055944056,23809.52
8.629769325256348,0,-6.400272116461367,0.07712734375,-0.03680944055944056,25238.09
8.650264739990234,0,-6.400272116461367,0.07712734375,-0.03663986013986014,23809.52
8.670761108398438,0,-6.400272116461367,0.077088671875,-0.03663986013986014,23333.33
8.695160865783691,0,-6.400272116461367,0.077088671875,-0.03663986013986014,22380.95
8.715657234191895,0,-6.398155655095185,0.077088671875,-0.03663986013986014,26666.67
8.73615288734436,0,-6.398155655095185,0.077088671875,-0.03649755244755245,28571.43
8.760553121566772,0,-6.398155655095185,0.07704296875,-0.03649755244755245,28095.24
8.781048774719238,0,-6.398155655095185,0.07704296875,-0.03649755244755245,23809.52
8.806425094604492,0,-6.398155655095185,0.07704296875,-0.03649755244755245,25714.29
8.82597827911377,0,-6.389376259798433,0.07704296875,-0.03637797202797203,27619.05
8.846473217010498,0,-6.389376259798433,0.076839453125,-0.03637797202797203,25238.09
8.871844053268433,0,-6.389376259798433,0.076839453125,-0.03637797202797203,23809.52
8.892340421676636,0,-6.389376259798433,0.076839453125,-0.03637797202797203,25238.09
8.912837743759155,0,-6.381011198208287,0.076839453125,-0.03635524475524476,23333.33
8.937236547470093,0,-6.381011198208287,0.076802734375,-0.03635524475524476,26666.67
8.957732439041138,0,-6.381011198208287,0.076802734375,-0.03635524475524476,25714.29
8.982133150100708,0,-6.381011198208287,0.076802734375,-0.03635524475524476,25238.09
9.00260329246521,0,-6.381011198208287,0.076802734375,-0.03635699300699301,22857.14
9.023125886917114,0,-6.376688689809631,0.076902734375,-0.03635699300699301,25238.09
9.047529697418213,0,-6.376688689809631,0.076902734375,-0.03635699300699301,23809.52
9.068026542663574,0,-6.376688689809631,0.076902734375,-0.03635699300699301,25714.29
9.088516473770142,0,-6.376688689809631,0.076902734375,-0.03635699300699301,24761.91
9.112921714782715,0,-6.377539753639418,0.07683828125,-0.03630104895104895,26666.67
9.13341736793518,0,-6.377539753639418,0.07683828125,-0.03630104895104895,23333.33
9.157819509506226,0,-6.377539753639418,0.07683828125,-0.03630104895104895,28095.24
9.178308248519897,0,-6.377539753639418,0.07683828125,-0.03630104895104895,26666.67
9.198804378509521,0,-6.377539753639418,0.076607421875,-0.036238111888111886,25238.09
9.22418212890625,0,-6.373922732362822,0.076607421875,-0.036238111888111886,25238.09
9.244677543640137,0,-6.373922732362822,0.076607421875,-0.036238111888111886,25238.09
9.269076585769653,0,-6.373922732362822,0.076607421875,-0.036238111888111886,24761.91
9.289546728134155,0,-6.373922732362822,0.076578515625,-0.03613076923076923,26190.48
9.31006908416748,0,-6.368402015677492,0.076578515625,-0.03613076923076923,24285.71
9.334468841552734,0,-6.368402015677492,0.076578515625,-0.03613076923076923,25238.09
9.35496473312378,0,-6.368402015677492,0.076578515625,-0.03613076923076923,27142.86
9.375460386276245,0,-6.368402015677492,0.07653203125,-0.03605034965034965,21428.57
9.399860143661499,0,-6.368402015677492,0.07653203125,-0.03605034965034965,23333.33
9.420357942581177,0,-6.361839865621501,0.07653203125,-0.03605034965034965,24285.71
9.444756746292114,0,-6.361839865621501,0.07653203125,-0.03605034965034965,25238.09
9.465257406234741,0,-6.361839865621501,0.076301953125,-0.03590699300699301,22857.14
9.485753774642944,0,-6.361839865621501,0.076301953125,-0.03590699300699301,24285.71
9.510122060775757,0,-6.350339305711087,0.076301953125,-0.03590699300699301,24285.71
9.530645370483398,0,-6.350339305711087,0.076301953125,-0.03590699300699301,26666.67
9.551146030426025,0,-6.350339305711087,0.07600390625,-0.03590699300699301,24761.91
9.575541734695435,0,-6.350339305711087,0.07600390625,-0.035843356643356646,25714.29
9.596036672592163,0,-6.350339305711087,0.07600390625,-0.035843356643356646,24761.91
9.621417999267578,0,-6.341582306830907,0.07600390625,-0.035843356643356646,25238.09
9.64191460609436,0,-6.341582306830907,0.075650390625,-0.035843356643356646,24761.91
9.662410974502563,0,-6.341582306830907,0.075650390625,-0.03583111888111888,25238.09
9.686812162399292,0,-6.341582306830907,0.075650390625,-0.03583111888111888,24285.71
9.707274198532104,0,-6.3388723404255325,0.075650390625,-0.03583111888111888,25714.29
9.72780466079712,0,-6.3388723404255325,0.0756765625,-0.03583111888111888,24761.91
9.752171039581299,0,-6.3388723404255325,0.0756765625,-0.03580909090909091,27142.86
9.772667407989502,0,-6.3388723404255325,0.0756765625,-0.03580909090909091,22380.95
9.797066926956177,0,-6.3388723404255325,0.0756765625,-0.03580909090909091,24285.71
9.817562818527222,0,-6.333676371780515,0.075756640625,-0.03580909090909091,25238.09
9.838059186935425,0,-6.333676371780515,0.075756640625,-0.035685664335664335,25454.54
9.862458944320679,0,-6.333676371780515,0.075756640625,-0.035685664335664335,25238.09
9.882954835891724,0,-6.333676371780515,0.075756640625,-0.035685664335664335,25238.09
9.907354831695557,0,-6.333150055991042,0.0757078125,-0.035685664335664335,24761.91
9.92785120010376,0,-6.333150055991042,0.0757078125,-0.035575174825174825,24285.71
9.948346853256226,0,-6.333150055991042,0.0757078125,-0.035575174825174825,28095.24
9.9737229347229,0,-6.333150055991042,0.0757078125,-0.035575174825174825,24285.71
9.994219303131104,0,-6.333150055991042,0.0754625,-0.035575174825174825,24285.71
10.01471495628357,0,-6.332870100783875,0.0754625,-0.03552412587412587,23809.52
10.039115190505981,0,-6.332870100783875,0.0754625,-0.03552412587412587,18571.43
10.059610843658447,0,-6.332870100783875,0.0754625,-0.03552412587412587,13333.33
10.084011316299438,0,-6.332870100783875,0.075474609375,-0.03552412587412587,11428.57
10.104507207870483,0,-6.324639417693169,0.075474609375,-0.03552412587412587,6190.48
10.125003337860107,0,-6.324639417693169,0.075474609375,-0.035424825174825175,6190.48
10.149403095245361,0,-6.324639417693169,0.075474609375,-0.035424825174825175,4285.71
10.169899225234985,0,-6.324639417693169,0.07533046875,-0.035424825174825175,2380.95
10.190395593643188,0,-6.324639417693169,0.07533046875,-0.035424825174825175,3809.52
10.214794874191284,0,-6.312858902575589,0.07533046875,-0.03510909090909091,2857.14
10.235291242599487,0,-6.312858902575589,0.07533046875,-0.03510909090909091,3333.33
10.259690761566162,0,-6.312858902575589,0.07321796875,-0.03510909090909091,2857.14
10.280187129974365,0,-6.312858902575589,0.07321796875,-0.03510909090909091,2857.14
10.30068325996399,0,-6.200955207166854,0.07321796875,-0.03191328671328671,2380.95
10.325083255767822,0,-6.200955207166854,0.07321796875,-0.03191328671328671,952.38
10.345579385757446,0,-6.200955207166854,0.068247265625,-0.03191328671328671,1904.76
10.366075038909912,0,-6.200955207166854,0.068247265625,-0.03191328671328671,1428.57
10.391451597213745,0,-6.200955207166854,0.068247265625,-0.02846153846153846,952.38
10.41097116470337,0,-5.870350503919373,0.068247265625,-0.02846153846153846,0.0
10.436347246170044,0,-5.870350503919373,0.0638921875,-0.02846153846153846,3809.52
10.456843852996826,0,-5.870350503919373,0.0638921875,-0.02846153846153846,0.0
10.477339744567871,0,-5.870350503919373,0.0638921875,-0.025312237762237764,3809.52
10.501739501953125,0,-5.4713135498320264,0.0638921875,-0.025312237762237764,0.0
10.52223515510559,0,-5.4713135498320264,0.05965234375,-0.025312237762237764,3809.52
10.546635627746582,0,-5.4713135498320264,0.05965234375,-0.025312237762237764,0.0
10.567131042480469,0,-5.4713135498320264,0.05965234375,-0.025312237762237764,1428.57
10.587626934051514,0,-5.4713135498320264,0.05965234375,-0.02222027972027972,2380.95
10.612027168273926,0,-5.073150055991041,0.05536640625,-0.02222027972027972,0.0
10.63252305984497,0,-5.073150055991041,0.05536640625,-0.02222027972027972,2380.95
10.653019189834595,0,-5.073150055991041,0.05536640625,-0.02222027972027972,2857.14
10.677419424057007,0,-5.073150055991041,0.05536640625,-0.01906888111888112,0.0
10.697915077209473,0,-4.675042553191489,0.051152734375,-0.01906888111888112,0.0
10.722315073013306,0,-4.675042553191489,0.051152734375,-0.01906888111888112,0.0
10.74281120300293,0,-4.675042553191489,0.051152734375,-0.01906888111888112,3333.33
10.763307571411133,0,-4.675042553191489,0.051152734375,-0.015908741258741258,0.0
10.788683414459229,0,-4.675042553191489,0.046965234375,-0.015908741258741258,6666.67
10.809179306030273,0,-4.272545352743561,0.046965234375,-0.015908741258741258,0.0
10.829675436019897,0,-4.272545352743561,0.046965234375,-0.015908741258741258,0.0
10.85407543182373,0,-4.272545352743561,0.046965234375,-0.012747902097902098,0.0
10.874571561813354,0,-4.272545352743561,0.042653125,-0.012747902097902098,0.0
10.898971796035767,0,-3.870820828667413,0.042653125,-0.012747902097902098,0.0
10.919467210769653,0,-3.870820828667413,0.042653125,-0.012747902097902098,0.0
10.939963340759277,0,-3.870820828667413,0.042653125,-0.009632167832167832,0.0
10.96436333656311,0,-3.870820828667413,0.03834453125,-0.009632167832167832,0.0
10.984859466552734,0,-3.870820828667413,0.03834453125,-0.009632167832167832,0.0
11.005355834960938,0,-3.4692978723404253,0.03834453125,-0.009632167832167832,0.0
11.029755353927612,0,-3.4692978723404253,0.03834453125,-0.006617832167832168,0.0
11.050251245498657,0,-3.4692978723404253,0.03422109375,-0.006617832167832168,0.0
11.07465147972107,0,-3.4692978723404253,0.03422109375,-0.006617832167832168,0.0
11.095147848129272,0,-3.069969764837626,0.03422109375,-0.006617832167832168,0.0
11.115643501281738,0,-3.069969764837626,0.03422109375,-0.006617832167832168,0.0
11.140043258666992,0,-3.069969764837626,0.030221875,-0.0035674825174825176,0.0
11.160539388656616,0,-3.069969764837626,0.030221875,-0.0035674825174825176,0.0
11.18591570854187,0,-3.069969764837626,0.030221875,-0.0035674825174825176,0.0
11.206411838531494,0,-2.6790851063829786,0.030221875,-0.0035674825174825176,0.0
11.226907968521118,0,-2.6790851063829786,0.02620546875,-0.0004269230769230769,0.0
11.251307249069214,0,-2.6790851063829786,0.02620546875,-0.0004269230769230769,0.0
11.271804094314575,0,-2.6790851063829786,0.02620546875,-0.0004269230769230769,0.0
11.292299270629883,0,-2.2872262038073905,0.02620546875,-0.0004269230769230769,0.0
11.316699743270874,0,-2.2872262038073905,0.021970703125,0.002758041958041958,0.0
11.337195873260498,0,-2.2872262038073905,0.021970703125,0.002758041958041958,0.0
11.361595630645752,0,-2.2872262038073905,0.021970703125,0.002758041958041958,0.0
11.382091283798218,0,-2.2872262038073905,0.021970703125,0.002758041958041958,0.0
11.402587652206421,0,-1.89136954087346,0.0177,0.005905594405594405,0.0
11.426987171173096,0,-1.89136954087346,0.0177,0.005905594405594405,0.0
11.447483539581299,0,-1.89136954087346,0.0177,0.005905594405594405,0.0
11.467979669570923,0,-1.89136954087346,0.0177,0.005905594405594405,0.0
11.492379665374756,0,-1.4909440089585666,0.013503125,0.009019230769230769,0.0
11.51287579536438,0,-1.4909440089585666,0.013503125,0.009019230769230769,0.0
11.538251876831055,0,-1.4909440089585666,0.013503125,0.009019230769230769,0.0
11.5587477684021,0,-1.4909440089585666,0.013503125,0.009019230769230769,0.0
11.578267574310303,0,-1.4909440089585666,0.009331640625,0.009019230769230769,0.0
11.603643655776978,0,-1.093956326987682,0.009331640625,0.012148601398601399,0.0
11.62414002418518,0,-1.093956326987682,0.009331640625,0.012148601398601399,0.0
11.644636154174805,0,-1.093956326987682,0.009331640625,0.012148601398601399,0.0
11.669036149978638,0,-1.093956326987682,0.007089453125,0.012148601398601399,0.0
11.689531564712524,0,-0.695568868980963,0.007089453125,0.014933216783216784,0.0
11.713931560516357,0,-0.695568868980963,0.007089453125,0.014933216783216784,0.0
11.734427690505981,0,-0.695568868980963,0.007089453125,0.014933216783216784,0.0
11.754956007003784,0,-0.695568868980963,0.007068359375,0.014933216783216784,0.0
11.779357194900513,0,-0.695568868980963,0.007068359375,0.014955944055944055,0.0
11.799851417541504,0,-0.299555431131019,0.007068359375,0.014955944055944055,0.0
11.820314407348633,0,-0.299555431131019,0.007068359375,0.014955944055944055,0.0
11.84474229812622,0,-0.299555431131019,0.007680078125,0.014955944055944055,0.0
11.865244626998901,0,-0.299555431131019,0.007680078125,0.014904195804195804,0.0
11.88964319229126,0,-0.01119036954087346,0.007680078125,0.014904195804195804,0.0
11.910139799118042,0,-0.01119036954087346,0.007680078125,0.014904195804195804,0.0
11.93063473701477,0,-0.01119036954087346,0.00778671875,0.014904195804195804,0.0
11.955978870391846,0,-0.01119036954087346,0.00778671875,0.014595454545454545,0.0
11.975530862808228,0,-0.01119036954087346,0.00778671875,0.014595454545454545,0.0
12.000906705856323,0,0.06041097424412094,0.00778671875,0.014595454545454545,0.0
12.02137041091919,0,0.06041097424412094,0.00779375,0.014595454545454545,0.0
12.041893720626831,0,0.06041097424412094,0.00779375,0.014567132867132867,0.0
12.06630277633667,0,0.06041097424412094,0.00779375,0.014567132867132867,0.0
12.086763381958008,0,0.06542777155655095,0.00779375,0.014567132867132867,0.0
12.107259511947632,0,0.06542777155655095,0.00779375,0.014567132867132867,0.0
12.13169264793396,0,0.06542777155655095,0.00779375,0.014567132867132867,0.0
12.152186155319214,0,0.06542777155655095,0.00779375,0.014567132867132867,0.0
12.176587343215942,0,0.06542777155655095,0.00779375,0.014567132867132867,0.0
12.197083711624146,0,0.06603247480403135,0.007769140625,0.014567132867132867,0.0
12.217578649520874,0,0.06603247480403135,0.007769140625,0.014567132867132867,0.0
12.241978645324707,0,0.06603247480403135,0.007769140625,0.014589160839160838,0.0
12.262476205825806,0,0.06603247480403135,0.007769140625,0.014589160839160838,0.0
12.282970666885376,0,0.06617805151175811,0.007744140625,0.014589160839160838,0.0
12.307370662689209,0,0.06617805151175811,0.007744140625,0.014589160839160838,0.0
12.327867031097412,0,0.06617805151175811,0.007744140625,0.014622027972027971,0.0
12.353243112564087,0,0.06617805151175811,0.007744140625,0.014622027972027971,0.0
12.373739242553711,0,0.06617805151175811,0.007718359375,0.014622027972027971,0.0
12.394236087799072,0,0.0661892497200448,0.007718359375,0.014622027972027971,0.0
12.418636322021484,0,0.0661892497200448,0.007718359375,0.014652447552447552,0.0
12.439131736755371,0,0.0661892497200448,0.007718359375,0.014652447552447552,0.0
12.459595203399658,0,0.0661892497200448,0.007691796875,0.014652447552447552,0.0
12.483995199203491,0,0.06625643896976484,0.007691796875,0.014652447552447552,0.0
12.504491567611694,0,0.06625643896976484,0.007691796875,0.014682167832167832,0.0
12.528890609741211,0,0.06625643896976484,0.007691796875,0.014682167832167832,0.0
12.54941439628601,0,0.06625643896976484,0.007662109375,0.014682167832167832,0.0
12.569915056228638,0,0.06625643896976484,0.007662109375,0.014682167832167832,0.0
12.594310522079468,0,0.06642441209406495,0.007662109375,0.014682167832167832,0.0
12.614813566207886,0,0.06642441209406495,0.007662109375,0.014712587412587413,0.0
12.639211416244507,0,0.06642441209406495,0.007626953125,0.014712587412587413,0.0
12.659708261489868,0,0.06642441209406495,0.007626953125,0.014712587412587413,0.0
12.680204153060913,0,0.06653639417693169,0.007626953125,0.014712587412587413,0.0
12.70460319519043,0,0.06653639417693169,0.007626953125,0.01475034965034965,0.0
12.725099563598633,0,0.06653639417693169,0.007587890625,0.01475034965034965,0.0
12.745595693588257,0,0.06653639417693169,0.007587890625,0.01475034965034965,0.0
12.770973920822144,0,0.06653639417693169,0.007587890625,0.01475034965034965,0.0
12.791467428207397,0,0.06664837625979843,0.007587890625,0.014796853146853146,0.0
12.815868139266968,0,0.06664837625979843,0.0075515625,0.014796853146853146,0.0
12.836363315582275,0,0.06664837625979843,0.0075515625,0.014796853146853146,0.0
12.856859922409058,0,0.06664837625979843,0.0075515625,0.014796853146853146,0.0
12.881254434585571,0,0.06672676371780514,0.0075515625,0.014842307692307693,0.0
12.901753187179565,0,0.06672676371780514,0.00751484375,0.014842307692307693,0.0
12.922251462936401,0,0.06672676371780514,0.00751484375,0.014842307692307693,0.0
12.946646213531494,0,0.06672676371780514,0.00751484375,0.014842307692307693,0.0
12.967148065567017,0,0.06672676371780514,0.00751484375,0.014887062937062937,0.0
12.991546869277954,0,0.06680515117581187,0.007480078125,0.014887062937062937,0.0
13.012044668197632,0,0.06680515117581187,0.007480078125,0.014887062937062937,0.0
13.032538890838623,0,0.06680515117581187,0.007480078125,0.014887062937062937,0.0
13.056938648223877,0,0.06680515117581187,0.007480078125,0.014928671328671329,0.0
13.077435493469238,0,0.06688353863381859,0.0074453125,0.014928671328671329,0.0
13.097927331924438,0,0.06688353863381859,0.0074453125,0.014928671328671329,0.0
13.123302221298218,0,0.06688353863381859,0.0074453125,0.014928671328671329,0.0
13.143799304962158,0,0.06688353863381859,0.0074453125,0.014928671328671329,0.0
13.16819953918457,0,0.06688353863381859,0.007412890625,0.01496923076923077,0.0
13.18869400024414,0,0.06697312430011199,0.007412890625,0.01496923076923077,0.0
13.209190130233765,0,0.06697312430011199,0.007412890625,0.01496923076923077,0.0
13.233590602874756,0,0.06697312430011199,0.007412890625,0.01496923076923077,0.0
13.254060506820679,0,0.06697312430011199,0.007382421875,0.01500909090909091,0.0
13.278486490249634,0,0.06701791713325868,0.007382421875,0.01500909090909091,0.0
13.298986673355103,0,0.06701791713325868,0.007382421875,0.01500909090909091,0.0
13.319494247436523,0,0.06701791713325868,0.007382421875,0.01500909090909091,0.0
13.34388279914856,0,0.06701791713325868,0.007353125,0.015046153846153846,0.0
13.364381551742554,0,0.06701791713325868,0.007353125,0.015046153846153846,0.0
13.384875774383545,0,0.06708510638297872,0.007353125,0.015046153846153846,0.0
13.409276247024536,0,0.06708510638297872,0.007353125,0.015046153846153846,0.0
13.429771900177002,0,0.06708510638297872,0.00732421875,0.015081818181818182,0.0
13.454174995422363,0,0.06708510638297872,0.00732421875,0.015081818181818182,0.0
13.474669933319092,0,0.06711870100783875,0.00732421875,0.015081818181818182,0.0
13.495163679122925,0,0.06711870100783875,0.00732421875,0.015081818181818182,0.0
13.520507097244263,0,0.06711870100783875,0.00729609375,0.015117132867132867,0.0
13.5410315990448,0,0.06711870100783875,0.00729609375,0.015117132867132867,0.0
13.561526536941528,0,0.06711870100783875,0.00729609375,0.015117132867132867,0.0
13.585927248001099,0,0.06714109742441209,0.00729609375,0.015117132867132867,0.0
13.606422424316406,0,0.06714109742441209,0.00726875,0.015117132867132867,0.0
13.63081669807434,0,0.06714109742441209,0.00726875,0.015151048951048952,0.0
13.651320934295654,0,0.06714109742441209,0.00726875,0.015151048951048952,0.0
13.67182183265686,0,0.06719708846584546,0.00726875,0.015151048951048952,0.0
13.696220636367798,0,0.06719708846584546,0.00723984375,0.015151048951048952,0.0
13.716715097427368,0,0.06719708846584546,0.00723984375,0.015184615384615385,0.0
13.737212657928467,0,0.06719708846584546,0.00723984375,0.015184615384615385,0.0
13.761579513549805,0,0.06719708846584546,0.00723984375,0.015184615384615385,0.0
13.78207540512085,0,0.06727547592385218,0.007212890625,0.015184615384615385,0.0
13.806475639343262,0,0.06727547592385218,0.007212890625,0.01521853146853147,0.0
13.826971292495728,0,0.06727547592385218,0.007212890625,0.01521853146853147,0.0
13.847467422485352,0,0.06727547592385218,0.007212890625,0.01521853146853147,0.0
13.872843503952026,0,0.06733146696528555,0.00718828125,0.01521853146853147,0.0
13.893339395523071,0,0.06733146696528555,0.00718828125,0.015248951048951048,0.0
13.917739868164062,0,0.06733146696528555,0.00718828125,0.015248951048951048,0.0
13.93823528289795,0,0.06733146696528555,0.00718828125,0.015248951048951048,0.0
13.958731412887573,0,0.06733146696528555,0.0071640625,0.015248951048951048,0.0
13.983131408691406,0,0.06738745800671893,0.0071640625,0.015277272727272728,0.0
14.00362777709961,0,0.06738745800671893,0.0071640625,0.015277272727272728,0.0
14.024123430252075,0,0.06738745800671893,0.0071640625,0.015277272727272728,0.0
14.048523426055908,0,0.06738745800671893,0.00713984375,0.015277272727272728,0.0
14.069019317626953,0,0.06746584546472564,0.00713984375,0.015304545454545454,0.0
14.093419790267944,0,0.06746584546472564,0.00713984375,0.015304545454545454,0.0
14.11391544342041,0,0.06746584546472564,0.00713984375,0.015304545454545454,0.0
14.134411811828613,0,0.06746584546472564,0.0071171875,0.015304545454545454,0.0
14.158811330795288,0,0.06746584546472564,0.0071171875,0.015304545454545454,0.0
14.179307699203491,0,0.06754423292273236,0.0071171875,0.015330769230769231,0.0
14.199803590774536,0,0.06754423292273236,0.0071171875,0.015330769230769231,0.0
14.224203824996948,0,0.06754423292273236,0.0070953125,0.015330769230769231,0.0
14.244699954986572,0,0.06754423292273236,0.0070953125,0.015330769230769231,0.0
14.270075559616089,0,0.0676114221724524,0.0070953125,0.015358391608391609,0.0
14.290571689605713,0,0.0676114221724524,0.0070953125,0.015358391608391609,0.0
14.311067581176758,0,0.0676114221724524,0.0070734375,0.015358391608391609,0.0
14.33546781539917,0,0.0676114221724524,0.0070734375,0.015358391608391609,0.0
14.355963706970215,0,0.0676114221724524,0.0070734375,0.015385314685314686,0.0
14.376459836959839,0,0.06766741321388578,0.0070734375,0.015385314685314686,0.0
14.400859594345093,0,0.06766741321388578,0.007051953125,0.015385314685314686,0.0
14.421355724334717,0,0.06766741321388578,0.007051953125,0.015385314685314686,0.0
14.44575572013855,0,0.06766741321388578,0.007051953125,0.01541083916083916,0.0
14.466251850128174,0,0.0677458006718925,0.007051953125,0.01541083916083916,0.0
14.486747741699219,0,0.0677458006718925,0.00703203125,0.01541083916083916,0.0
14.511147737503052,0,0.0677458006718925,0.00703203125,0.01541083916083916,0.0
14.531643629074097,0,0.0677458006718925,0.00703203125,0.015434615384615385,0.0
14.556044101715088,0,0.0677458006718925,0.007012109375,0.015434615384615385,0.0
14.576539754867554,0,0.0678353863381859,0.007012109375,0.015434615384615385,0.0
14.597036123275757,0,0.0678353863381859,0.007012109375,0.015434615384615385,0.0
14.622411966323853,0,0.0678353863381859,0.007012109375,0.015434615384615385,0.0
14.642907619476318,0,0.0678353863381859,0.006992578125,0.015457692307692308,0.0
14.6624276638031,0,0.06790257558790594,0.006992578125,0.015457692307692308,0.0
14.687803745269775,0,0.06790257558790594,0.006992578125,0.015457692307692308,0.0
14.708300113677979,0,0.06790257558790594,0.006992578125,0.015457692307692308,0.0
14.732699632644653,0,0.06790257558790594,0.006973046875,0.01548076923076923,0.0
14.753196001052856,0,0.06790257558790594,0.006973046875,0.01548076923076923,0.0
14.773691654205322,0,0.06791377379619261,0.006973046875,0.01548076923076923,0.0
14.798092126846313,0,0.06791377379619261,0.006973046875,0.01548076923076923,0.0
14.8185875415802,0,0.06791377379619261,0.00695390625,0.015503496503496503,0.0
14.839084148406982,0,0.06791377379619261,0.00695390625,0.015503496503496503,0.0
14.863483905792236,0,0.06796976483762598,0.00695390625,0.015503496503496503,0.0
14.88398003578186,0,0.06796976483762598,0.00695390625,0.015503496503496503,0.0
14.908379793167114,0,0.06796976483762598,0.0069375,0.015525874125874126,0.0
14.928875923156738,0,0.06796976483762598,0.0069375,0.015525874125874126,0.0
14.949371814727783,0,0.06796976483762598,0.0069375,0.015525874125874126,0.0
14.973772048950195,0,0.0680481522956327,0.0069375,0.015525874125874126,0.0
14.99426794052124,0,0.0680481522956327,0.006923046875,0.015546853146853147,0.0
15.014764070510864,0,0.0680481522956327,0.006923046875,0.015546853146853147,0.0
15.040140151977539,0,0.0680481522956327,0.006923046875,0.015546853146853147,0.0
15.060635805130005,0,0.06810414333706606,0.006923046875,0.015546853146853147,0.0
15.085036039352417,0,0.06810414333706606,0.006908984375,0.015566433566433566,0.0
15.105531930923462,0,0.06810414333706606,0.006908984375,0.015566433566433566,0.0
15.126028060913086,0,0.06810414333706606,0.006908984375,0.015566433566433566,0.0
15.15042781829834,0,0.06810414333706606,0.006908984375,0.015566433566433566,0.0
15.170923948287964,0,0.06817133258678611,0.0068953125,0.015566433566433566,0.0
15.191419839859009,0,0.06817133258678611,0.0068953125,0.015585314685314685,0.0
15.2158203125,0,0.06817133258678611,0.0068953125,0.015585314685314685,0.0
15.236315965652466,0,0.06817133258678611,0.0068953125,0.015585314685314685,0.0
15.260716199874878,0,0.06827211646136618,0.00688203125,0.015585314685314685,0.0
15.281212091445923,0,0.06827211646136618,0.00688203125,0.015602097902097902,0.0
15.301708221435547,0,0.06827211646136618,0.00688203125,0.015602097902097902,0.0
15.32610821723938,0,0.06827211646136618,0.00688203125,0.015602097902097902,0.0
15.346604347229004,0,0.06827211646136618,0.006869140625,0.015602097902097902,0.0
15.371004104614258,0,0.0683505039193729,0.006869140625,0.015618531468531469,0.0
15.391500234603882,0,0.0683505039193729,0.006869140625,0.015618531468531469,0.0
15.411996126174927,0,0.0683505039193729,0.006869140625,0.015618531468531469,0.0
15.437372207641602,0,0.0683505039193729,0.006857421875,0.015618531468531469,0.0
15.457868337631226,0,0.06838409854423293,0.006857421875,0.015633916083916084,0.0
15.47836422920227,0,0.06838409854423293,0.006857421875,0.015633916083916084,0.0
15.502764225006104,0,0.06838409854423293,0.006857421875,0.015633916083916084,0.0
15.523260593414307,0,0.06838409854423293,0.0068453125,0.015633916083916084,0.0
15.54766035079956,0,0.06838409854423293,0.0068453125,0.0156493006993007,0.0
15.568156242370605,0,0.06840649496080627,0.0068453125,0.0156493006993007,0.0
15.58865237236023,0,0.06840649496080627,0.0068453125,0.0156493006993007,0.0
15.613052129745483,0,0.06840649496080627,0.006832421875,0.0156493006993007,0.0
15.633548498153687,0,0.06840649496080627,0.006832421875,0.0156493006993007,0.0
15.654044151306152,0,0.06847368421052631,0.006832421875,0.015662587412587414,0.0
15.678444623947144,0,0.06847368421052631,0.006832421875,0.015662587412587414,0.0
15.69894027709961,0,0.06847368421052631,0.0068203125,0.015662587412587414,0.0
15.723340511322021,0,0.06847368421052631,0.0068203125,0.015662587412587414,0.0
15.743836164474487,0,0.06847368421052631,0.0068203125,0.015673776223776224,0.0
15.76433253288269,0,0.06850727883538633,0.0068203125,0.015673776223776224,0.0
15.789708614349365,0,0.06850727883538633,0.006810546875,0.015673776223776224,0.0
15.810204267501831,0,0.06850727883538633,0.006810546875,0.015673776223776224,0.0
15.830700635910034,0,0.06850727883538633,0.006810546875,0.015684615384615384,0.0
15.855100154876709,0,0.068518477043673,0.006810546875,0.015684615384615384,0.0
15.875596523284912,0,0.068518477043673,0.006801171875,0.015684615384615384,0.0
15.899996280670166,0,0.068518477043673,0.006801171875,0.015684615384615384,0.0
15.92049264907837,0,0.068518477043673,0.006801171875,0.015695454545454547,0.0
15.940988779067993,0,0.068518477043673,0.006801171875,0.015695454545454547,0.0
15.965388536453247,0,0.06847368421052631,0.0067921875,0.015695454545454547,0.0
15.985884428024292,0,0.06847368421052631,0.0067921875,0.015695454545454547,0.0
16.010284662246704,0,0.06847368421052631,0.0067921875,0.015705944055944054,0.0
16.03078031539917,0,0.06847368421052631,0.0067921875,0.015705944055944054,0.0
16.051276445388794,0,0.06845128779395297,0.006782421875,0.015705944055944054,0.0
16.075676441192627,0,0.06845128779395297,0.006782421875,0.015705944055944054,0.0
16.09617257118225,0,0.06845128779395297,0.006782421875,0.015716083916083916,0.0
16.116668462753296,0,0.06845128779395297,0.006782421875,0.015716083916083916,0.0
16.14106845855713,0,0.06845128779395297,0.006773828125,0.015716083916083916,0.0
16.161564350128174,0,0.06845128779395297,0.006773828125,0.015716083916083916,0.0
16.18694043159485,0,0.06845128779395297,0.006773828125,0.015716083916083916,0.0
16.207436561584473,0,0.06845128779395297,0.006773828125,0.015724125874125874,0.0
16.227932453155518,0,0.06845128779395297,0.006765234375,0.015724125874125874,0.0
16.25233244895935,0,0.06845128779395297,0.006765234375,0.015724125874125874,0.0
16.272828340530396,0,0.06845128779395297,0.006765234375,0.015724125874125874,0.0
16.2933247089386,0,0.06845128779395297,0.006765234375,0.015732167832167833,0.0
16.317724466323853,0,0.06845128779395297,0.00675703125,0.015732167832167833,0.0
16.338220834732056,0,0.06845128779395297,0.00675703125,0.015732167832167833,0.0
16.36262059211731,0,0.06846248600223964,0.00675703125,0.015732167832167833,0.0
16.38314938545227,0,0.06846248600223964,0.00675703125,0.01574055944055944,0.0
16.403645038604736,0,0.06846248600223964,0.0067484375,0.01574055944055944,0.0
16.428014039993286,0,0.06846248600223964,0.0067484375,0.01574055944055944,0.0
16.448509454727173,0,0.06847368421052631,0.0067484375,0.01574055944055944,0.0
16.46900486946106,0,0.06847368421052631,0.0067484375,0.015748251748251747,0.0
16.49343752861023,0,0.06847368421052631,0.006737890625,0.015748251748251747,0.0
16.513932704925537,0,0.06847368421052631,0.006737890625,0.015748251748251747,0.0
16.53930425643921,0,0.06847368421052631,0.006737890625,0.015748251748251747,0.0
16.558828353881836,0,0.06847368421052631,0.006737890625,0.015755944055944056,0.0
16.579325914382935,0,0.06847368421052631,0.006727734375,0.015755944055944056,0.0
16.604697942733765,0,0.06847368421052631,0.006727734375,0.015755944055944056,0.0
16.625192165374756,0,0.06847368421052631,0.006727734375,0.015755944055944056,0.0
16.649592638015747,0,0.06847368421052631,0.006727734375,0.015755944055944056,0.0
16.67009162902832,0,0.06847368421052631,0.006719921875,0.015762587412587414,0.0
16.690558433532715,0,0.06847368421052631,0.006719921875,0.015762587412587414,0.0
16.715007066726685,0,0.06847368421052631,0.006719921875,0.015762587412587414,0.0
16.735480785369873,0,0.06847368421052631,0.006719921875,0.015762587412587414,0.0
16.755949020385742,0,0.06844008958566629,0.006712890625,0.01576993006993007,0.0
16.780381202697754,0,0.06844008958566629,0.006712890625,0.01576993006993007,0.0
16.800877571105957,0,0.06844008958566629,0.006712890625,0.01576993006993007,0.0
16.825276613235474,0,0.06844008958566629,0.006712890625,0.01576993006993007,0.0
16.845778942108154,0,0.06845128779395297,0.00670546875,0.015778321678321678,0.0
16.866268634796143,0,0.06845128779395297,0.00670546875,0.015778321678321678,0.0
16.89067316055298,0,0.06845128779395297,0.00670546875,0.015778321678321678,0.0
16.9111647605896,0,0.06845128779395297,0.00670546875,0.015778321678321678,0.0
16.9316623210907,0,0.06845128779395297,0.006700390625,0.015787762237762237,0.0
16.957005500793457,0,0.06845128779395297,0.006700390625,0.015787762237762237,0.0
16.977534294128418,0,0.06845128779395297,0.006700390625,0.015787762237762237,0.0
17.00193428993225,0,0.06845128779395297,0.006700390625,0.015787762237762237,0.0
17.022431135177612,0,0.06845128779395297,0.0066953125,0.015796503496503498,0.0
17.042930841445923,0,0.06842889137737962,0.0066953125,0.015796503496503498,0.0
17.06732487678528,0,0.06842889137737962,0.0066953125,0.015796503496503498,0.0
17.087818145751953,0,0.06842889137737962,0.0066953125,0.015796503496503498,0.0
17.108285427093506,0,0.06842889137737962,0.006690234375,0.015805944055944057,0.0
17.132717609405518,0,0.06842889137737962,0.006690234375,0.015805944055944057,0.0
17.153213024139404,0,0.0683952967525196,0.006690234375,0.015805944055944057,0.0
17.177613019943237,0,0.0683952967525196,0.006690234375,0.015805944055944057,0.0
17.198108911514282,0,0.0683952967525196,0.006685546875,0.015805944055944057,0.0
17.218605041503906,0,0.0683952967525196,0.006685546875,0.015815384615384617,0.0
17.24300765991211,0,0.06836170212765957,0.006685546875,0.015815384615384617,0.0
17.263500452041626,0,0.06836170212765957,0.006685546875,0.015815384615384617,0.0
17.287900924682617,0,0.06836170212765957,0.006680859375,0.015815384615384617,0.0
17.3083975315094,0,0.06836170212765957,0.006680859375,0.015824125874125874,0.0
17.328893899917603,0,0.06836170212765957,0.006680859375,0.015824125874125874,0.0
17.354264736175537,0,0.06833930571108622,0.006680859375,0.015824125874125874,0.0
17.374760150909424,0,0.06833930571108622,0.006673828125,0.015824125874125874,0.0
17.395256280899048,0,0.06833930571108622,0.006673828125,0.01583146853146853,0.0
17.419657945632935,0,0.06833930571108622,0.006673828125,0.01583146853146853,0.0
17.44015336036682,0,0.06832810750279955,0.006673828125,0.01583146853146853,0.0
17.464577436447144,0,0.06832810750279955,0.0066671875,0.01583146853146853,0.0
17.4850492477417,0,0.06832810750279955,0.0066671875,0.015838461538461537,0.0
17.505518436431885,0,0.06832810750279955,0.0066671875,0.015838461538461537,0.0
17.529948949813843,0,0.06832810750279955,0.0066671875,0.015838461538461537,0.0
17.550444841384888,0,0.06832810750279955,0.006661328125,0.015838461538461537,0.0
17.570937395095825,0,0.06832810750279955,0.006661328125,0.015845804195804197,0.0
17.595342874526978,0,0.06832810750279955,0.006661328125,0.015845804195804197,0.0
17.61583685874939,0,0.06832810750279955,0.006661328125,0.015845804195804197,0.0
17.64023733139038,0,0.06833930571108622,0.00665546875,0.015845804195804197,0.0
17.660733222961426,0,0.06833930571108622,0.00665546875,0.015845804195804197,0.0
17.681230783462524,0,0.06833930571108622,0.00665546875,0.015853146853146854,0.0
17.706600189208984,0,0.06833930571108622,0.00665546875,0.015853146853146854,0.0
17.726125240325928,0,0.06833930571108622,0.00665,0.015853146853146854,0.0
17.74756693840027,0,0.06836170212765957,0.00665,0.015853146853146854,0.0
17.771995306015015,0,0.06836170212765957,0.00665,0.01586013986013986,0.0
17.79249382019043,0,0.06836170212765957,0.00665,0.01586013986013986,0.0
17.81690287590027,0,0.06836170212765957,0.00664375,0.01586013986013986,0.0
17.837390899658203,0,0.0683952967525196,0.00664375,0.01586013986013986,0.0
17.857885599136353,0,0.0683952967525196,0.00664375,0.015867482517482517,0.0
17.882285833358765,0,0.0683952967525196,0.00664375,0.015867482517482517,0.0
17.902787923812866,0,0.0683952967525196,0.006638671875,0.015867482517482517,0.0
17.927181720733643,0,0.0683952967525196,0.006638671875,0.015867482517482517,0.0
17.947677612304688,0,0.06844008958566629,0.006638671875,0.015875174825174827,0.0
17.968173503875732,0,0.06844008958566629,0.006638671875,0.015875174825174827,0.0
17.99254274368286,0,0.06844008958566629,0.006633984375,0.015875174825174827,0.0
18.01306962966919,0,0.06844008958566629,0.006633984375,0.015875174825174827,0.0
18.033567905426025,0,0.06849608062709966,0.006633984375,0.015882167832167834,0.0
18.058910131454468,0,0.06849608062709966,0.006633984375,0.015882167832167834,0.0
18.07843017578125,0,0.06849608062709966,0.00663046875,0.015882167832167834,0.0
18.103837728500366,0,0.06849608062709966,0.00663046875,0.015882167832167834,0.0
18.12433362007141,0,0.06849608062709966,0.00663046875,0.01588986013986014,0.0
18.14483118057251,0,0.06850727883538633,0.00663046875,0.01588986013986014,0.0
18.16922950744629,0,0.06850727883538633,0.00662734375,0.01588986013986014,0.0
18.189695358276367,0,0.06850727883538633,0.00662734375,0.01588986013986014,0.0
18.210221529006958,0,0.06850727883538633,0.00662734375,0.01588986013986014,0.0
18.234590768814087,0,0.06850727883538633,0.00662734375,0.015896853146853147,0.0
18.255136966705322,0,0.06850727883538633,0.00662109375,0.015896853146853147,0.0
18.279518842697144,0,0.06850727883538633,0.00662109375,0.015896853146853147,0.0
18.300013542175293,0,0.06850727883538633,0.00662109375,0.015896853146853147,0.0
18.32051134109497,0,0.06850727883538633,0.00662109375,0.01590314685314685,0.0
18.344911098480225,0,0.068518477043673,0.00661484375,0.01590314685314685,0.0
18.3653826713562,0,0.068518477043673,0.00661484375,0.01590314685314685,0.0
18.38594126701355,0,0.068518477043673,0.00661484375,0.01590314685314685,0.0
18.410334587097168,0,0.068518477043673,0.00661484375,0.01590839160839161,0.0
18.43079972267151,0,0.06848488241881298,0.006609765625,0.01590839160839161,0.0
18.45614218711853,0,0.06848488241881298,0.006609765625,0.01590839160839161,0.0
18.476638078689575,0,0.06848488241881298,0.006609765625,0.01590839160839161,0.0
18.497166633605957,0,0.06848488241881298,0.006609765625,0.015914335664335665,0.0
18.52155900001526,0,0.06848488241881298,0.006603125,0.015914335664335665,0.0
18.54203152656555,0,0.06847368421052631,0.006603125,0.015914335664335665,0.0
18.56643056869507,0,0.06847368421052631,0.006603125,0.015914335664335665,0.0
18.58692693710327,0,0.06847368421052631,0.006603125,0.015920979020979022,0.0
18.607468128204346,0,0.06847368421052631,0.00659765625,0.015920979020979022,0.0
18.631889581680298,0,0.06847368421052631,0.00659765625,0.015920979020979022,0.0
18.65238380432129,0,0.06847368421052631,0.00659765625,0.015920979020979022,0.0
18.672879457473755,0,0.06847368421052631,0.00659765625,0.015920979020979022,0.0
18.69727849960327,0,0.06847368421052631,0.006593359375,0.015926223776223776,0.0
18.71777892112732,0,0.06847368421052631,0.006593359375,0.015926223776223776,0.0
18.74217391014099,0,0.06847368421052631,0.006593359375,0.015926223776223776,0.0
18.762671947479248,0,0.06847368421052631,0.006593359375,0.015926223776223776,0.0
18.783122301101685,0,0.06847368421052631,0.006590234375,0.01593111888111888,0.0
18.808497667312622,0,0.06847368421052631,0.006590234375,0.01593111888111888,0.0
18.828993320465088,0,0.06848488241881298,0.006590234375,0.01593111888111888,0.0
18.84855890274048,0,0.06848488241881298,0.006590234375,0.01593111888111888,0.0
18.873870849609375,0,0.06848488241881298,0.0065875,0.015936013986013985,0.0
18.894366979599,0,0.06848488241881298,0.0065875,0.015936013986013985,0.0
18.918792963027954,0,0.06848488241881298,0.0065875,0.015936013986013985,0.0
18.939262866973877,0,0.06849608062709966,0.0065875,0.015936013986013985,0.0
18.959758758544922,0,0.06849608062709966,0.006583984375,0.01594055944055944,0.0
18.98422598838806,0,0.06849608062709966,0.006583984375,0.01594055944055944,0.0
19.00465488433838,0,0.06849608062709966,0.006583984375,0.01594055944055944,0.0
19.025187253952026,0,0.06854087346024636,0.006583984375,0.01594055944055944,0.0
19.049619436264038,0,0.06854087346024636,0.006580078125,0.015947202797202797,0.0
19.07011866569519,0,0.06854087346024636,0.006580078125,0.015947202797202797,0.0
19.09447193145752,0,0.06854087346024636,0.006580078125,0.015947202797202797,0.0
19.11500310897827,0,0.06854087346024636,0.006580078125,0.015947202797202797,0.0
19.135493755340576,0,0.06856326987681971,0.0065765625,0.015952797202797204,0.0
19.160815954208374,0,0.06856326987681971,0.0065765625,0.015952797202797204,0.0
19.180547952651978,0,0.06856326987681971,0.0065765625,0.015952797202797204,0.0
19.201830625534058,0,0.06856326987681971,0.0065765625,0.015952797202797204,0.0
19.226231813430786,0,0.06854087346024636,0.006572265625,0.015952797202797204,0.0
19.24672842025757,0,0.06854087346024636,0.006572265625,0.015957692307692308,0.0
19.27113437652588,0,0.06854087346024636,0.006572265625,0.015957692307692308,0.0
19.29159903526306,0,0.06854087346024636,0.006572265625,0.015957692307692308,0.0
19.31209635734558,0,0.06854087346024636,0.0065671875,0.015957692307692308,0.0
19.336546659469604,0,0.06854087346024636,0.0065671875,0.015962587412587412,0.0
19.356991291046143,0,0.06854087346024636,0.0065671875,0.015962587412587412,0.0
19.38145923614502,0,0.06854087346024636,0.0065671875,0.015962587412587412,0.0
19.40194034576416,0,0.06854087346024636,0.0065625,0.015962587412587412,0.0
19.42245054244995,0,0.06855207166853303,0.0065625,0.01596783216783217,0.0
19.446852922439575,0,0.06855207166853303,0.0065625,0.01596783216783217,0.0
19.467347621917725,0,0.06855207166853303,0.0065625,0.01596783216783217,0.0
19.48784375190735,0,0.06855207166853303,0.006558203125,0.01596783216783217,0.0
19.51224708557129,0,0.06855207166853303,0.006558203125,0.015971678321678322,0.0
19.532735347747803,0,0.06852967525195969,0.006558203125,0.015971678321678322,0.0
19.55806589126587,0,0.06852967525195969,0.006558203125,0.015971678321678322,0.0
19.5785653591156,0,0.06852967525195969,0.006554296875,0.015971678321678322,0.0
19.599058389663696,0,0.06852967525195969,0.006554296875,0.015976573426573427,0.0
19.623439073562622,0,0.06846248600223964,0.006554296875,0.015976573426573427,0.0
19.64395499229431,0,0.06846248600223964,0.006554296875,0.015976573426573427,0.0
19.663527727127075,0,0.06846248600223964,0.006550390625,0.015976573426573427,0.0
19.688831567764282,0,0.06846248600223964,0.006550390625,0.015976573426573427,0.0
19.70932674407959,0,0.06846248600223964,0.006550390625,0.015980769230769232,0.0
19.733728170394897,0,0.06844008958566629,0.006550390625,0.015980769230769232,0.0
19.754257678985596,0,0.06844008958566629,0.006546484375,0.015980769230769232,0.0
19.77472734451294,0,0.06844008958566629,0.006546484375,0.015980769230769232,0.0
19.799333810806274,0,0.06844008958566629,0.006546484375,0.015984965034965035,0.0
19.819676160812378,0,0.06844008958566629,0.006546484375,0.015984965034965035,0.0
19.84017586708069,0,0.06844008958566629,0.00654296875,0.015984965034965035,0.0
19.864580154418945,0,0.06844008958566629,0.00654296875,0.015984965034965035,0.0
19.88507652282715,0,0.06844008958566629,0.00654296875,0.01598916083916084,0.0
19.909476041793823,0,0.06844008958566629,0.00654296875,0.01598916083916084,0.0
19.92995858192444,0,0.06846248600223964,0.00653828125,0.01598916083916084,0.0
19.954373121261597,0,0.06846248600223964,0.00653828125,0.01598916083916084,0.0
19.97486972808838,0,0.06846248600223964,0.00653828125,0.015992657342657344,0.0
19.995359182357788,0,0.06846248600223964,0.00653828125,0.015992657342657344,0.0
20.020670652389526,0,0.06850727883538633,0.006533984375,0.015992657342657344,0.0
20.04116678237915,0,0.06850727883538633,0.006533984375,0.015992657342657344,0.0
20.065568447113037,0,0.06850727883538633,0.006533984375,0.015995804195804195,0.0
20.086063861846924,0,0.06850727883538633,0.006533984375,0.015995804195804195,0.0
20.1065833568573,0,0.06850727883538633,0.00653125,0.015995804195804195,0.0
20.12705636024475,0,0.06856326987681971,0.00653125,0.015995804195804195,0.0
20.15152335166931,0,0.06856326987681971,0.00653125,0.015999300699300698,0.0
20.171987771987915,0,0.06856326987681971,0.00653125,0.015999300699300698,0.0
20.19635581970215,0,0.06856326987681971,0.006527734375,0.015999300699300698,0.0
20.217049598693848,0,0.0686080627099664,0.006527734375,0.015999300699300698,0.0
20.24131941795349,0,0.0686080627099664,0.006527734375,0.015999300699300698,0.0
20.261950731277466,0,0.0686080627099664,0.006527734375,0.016003846153846153,0.0
20.283244371414185,0,0.0686080627099664,0.00652265625,0.016003846153846153,0.0
20.306689500808716,0,0.0686080627099664,0.00652265625,0.016003846153846153,0.0
20.328134775161743,0,0.06863045912653976,0.00652265625,0.016003846153846153,0.0
20.348631620407104,0,0.06863045912653976,0.00652265625,0.01600909090909091,0.0
20.373031616210938,0,0.06863045912653976,0.006517578125,0.01600909090909091,0.0
20.39259171485901,0,0.06863045912653976,0.006517578125,0.01600909090909091,0.0
20.4169864654541,0,0.06868645016797312,0.006517578125,0.01600909090909091,0.0
20.43839979171753,0,0.06868645016797312,0.006517578125,0.016012587412587414,0.0
20.458897352218628,0,0.06868645016797312,0.006512890625,0.016012587412587414,0.0
20.479466915130615,0,0.06868645016797312,0.006512890625,0.016012587412587414,0.0
20.503791093826294,0,0.06868645016797312,0.006512890625,0.016012587412587414,0.0
20.524338960647583,0,0.06873124300111982,0.006512890625,0.016015034965034966,0.0
20.548752546310425,0,0.06873124300111982,0.006508203125,0.016015034965034966,0.0
20.569183826446533,0,0.06873124300111982,0.006508203125,0.016015034965034966,0.0
20.59365153312683,0,0.06873124300111982,0.006508203125,0.016015034965034966,0.0
20.614149808883667,0,0.06875363941769316,0.006508203125,0.016018181818181817,0.0
20.63457989692688,0,0.06875363941769316,0.00650390625,0.016018181818181817,0.0
20.659197092056274,0,0.06875363941769316,0.00650390625,0.016018181818181817,0.0
20.67969250679016,0,0.06875363941769316,0.00650390625,0.016018181818181817,0.0
20.703934907913208,0,0.06875363941769316,0.00650390625,0.016018181818181817,0.0
20.7253634929657,0,0.06876483762597985,0.006501171875,0.016020979020979022,0.0
20.745858430862427,0,0.06876483762597985,0.006501171875,0.016020979020979022,0.0
20.770240545272827,0,0.06876483762597985,0.006501171875,0.016020979020979022,0.0
20.79073667526245,0,0.06876483762597985,0.006501171875,0.016020979020979022,0.0
20.81123161315918,0,0.06876483762597985,0.00649921875,0.016024825174825175,0.0
20.83566188812256,0,0.06876483762597985,0.00649921875,0.016024825174825175,0.0
20.856127500534058,0,0.06876483762597985,0.00649921875,0.016024825174825175,0.0
20.88054633140564,0,0.06876483762597985,0.00649921875,0.016024825174825175,0.0
20.901022911071777,0,0.06876483762597985,0.006496875,0.016028321678321678,0.0
20.921586990356445,0,0.06875363941769316,0.006496875,0.016028321678321678,0.0
20.9459445476532,0,0.06875363941769316,0.006496875,0.016028321678321678,0.0
20.966484546661377,0,0.06875363941769316,0.006496875,0.016028321678321678,0.0
20.98697590827942,0,0.06875363941769316,0.006494921875,0.016032517482517484,0.0
21.01157569885254,0,0.06878723404255319,0.006494921875,0.016032517482517484,0.0
21.031962633132935,0,0.06878723404255319,0.006494921875,0.016032517482517484,0.0
21.056429862976074,0,0.06878723404255319,0.006494921875,0.016032517482517484,0.0
21.07692861557007,0,0.06878723404255319,0.006492578125,0.016036713286713286,0.0
21.097269535064697,0,0.06878723404255319,0.006492578125,0.016036713286713286,0.0
21.12166929244995,0,0.06880963045912654,0.006492578125,0.016036713286713286,0.0
21.143093585968018,0,0.06880963045912654,0.006492578125,0.016036713286713286,0.0
21.16358780860901,0,0.06880963045912654,0.00649140625,0.016036713286713286,0.0
21.187987804412842,0,0.06880963045912654,0.00649140625,0.016041958041958043,0.0
21.208521366119385,0,0.06882082866741321,0.00649140625,0.016041958041958043,0.0
21.231943130493164,0,0.06882082866741321,0.00649140625,0.016041958041958043,0.0
21.2533597946167,0,0.06882082866741321,0.006488671875,0.016041958041958043,0.0
21.273855686187744,0,0.06882082866741321,0.006488671875,0.016046503496503498,0.0
21.29832148551941,0,0.06882082866741321,0.006488671875,0.016046503496503498,0.0
21.318819761276245,0,0.06887681970884658,0.006488671875,0.016046503496503498,0.0
21.34321928024292,0,0.06887681970884658,0.00648515625,0.016046503496503498,0.0
21.363703727722168,0,0.06887681970884658,0.00648515625,0.01605104895104895,0.0
21.384212732315063,0,0.06887681970884658,0.00648515625,0.01605104895104895,0.0
21.40861415863037,0,0.06894400895856663,0.00648515625,0.01605104895104895,0.0
21.429108142852783,0,0.06894400895856663,0.00648125,0.01605104895104895,0.0
21.44960594177246,0,0.06894400895856663,0.00648125,0.016055944055944057,0.0
21.474936723709106,0,0.06894400895856663,0.00648125,0.016055944055944057,0.0
21.494494915008545,0,0.06894400895856663,0.00648125,0.016055944055944057,0.0
21.519083499908447,0,0.06897760358342665,0.006478515625,0.016055944055944057,0.0
21.54032301902771,0,0.06897760358342665,0.006478515625,0.01606048951048951,0.0
21.560800313949585,0,0.06897760358342665,0.006478515625,0.01606048951048951,0.0
21.584295749664307,0,0.06897760358342665,0.006478515625,0.01606048951048951,0.0
21.605706930160522,0,0.06893281075027995,0.006473828125,0.01606048951048951,0.0
21.626192092895508,0,0.06893281075027995,0.006473828125,0.016065384615384617,0.0
21.65065860748291,0,0.06893281075027995,0.006473828125,0.016065384615384617,0.0
21.671088695526123,0,0.06893281075027995,0.006473828125,0.016065384615384617,0.0
21.695552825927734,0,0.06893281075027995,0.006469140625,0.016065384615384617,0.0
21.716196060180664,0,0.06891041433370661,0.006469140625,0.016065384615384617,0.0
21.736549377441406,0,0.06891041433370661,0.006469140625,0.01607027972027972,0.0
21.760879278182983,0,0.06891041433370661,0.006469140625,0.01607027972027972,0.0
21.781593322753906,0,0.06891041433370661,0.006465625,0.01607027972027972,0.0
21.802079916000366,0,0.06891041433370661,0.006465625,0.01607027972027972,0.0
21.826343536376953,0,0.06891041433370661,0.006465625,0.016075524475524475,0.0
21.846837759017944,0,0.06891041433370661,0.006465625,0.016075524475524475,0.0
21.871237754821777,0,0.06891041433370661,0.0064640625,0.016075524475524475,0.0
21.892781019210815,0,0.06891041433370661,0.0064640625,0.016075524475524475,0.0
21.912347316741943,0,0.06892161254199328,0.0064640625,0.016080769230769232,0.0
21.93765878677368,0,0.06892161254199328,0.0064625,0.016080769230769232,0.0
21.958153009414673,0,0.06892161254199328,0.0064625,0.016080769230769232,0.0
21.98165202140808,0,0.06892161254199328,0.0064625,0.016080769230769232,0.0
22.003051280975342,0,0.06894400895856663,0.0064625,0.016085664335664336,0.0
22.023545503616333,0,0.06894400895856663,0.006459765625,0.016085664335664336,0.0
22.04797077178955,0,0.06894400895856663,0.006459765625,0.016085664335664336,0.0
22.068548917770386,0,0.06894400895856663,0.006459765625,0.016085664335664336,0.0
22.088937759399414,0,0.06894400895856663,0.006459765625,0.016092657342657343,0.0
22.11340069770813,0,0.06898880179171332,0.006456640625,0.016092657342657343,0.0
22.133883953094482,0,0.06898880179171332,0.006456640625,0.016092657342657343,0.0
22.15827775001526,0,0.06898880179171332,0.006456640625,0.016092657342657343,0.0
22.17878484725952,0,0.06898880179171332,0.006456640625,0.016092657342657343,0.0
22.199280977249146,0,0.06899999999999999,0.006455078125,0.016097902097902097,0.0
22.223682641983032,0,0.06899999999999999,0.006455078125,0.016097902097902097,0.0
22.244192361831665,0,0.06899999999999999,0.006455078125,0.016097902097902097,0.0
22.26482844352722,0,0.06899999999999999,0.006455078125,0.016097902097902097,0.0
22.290013551712036,0,0.06899999999999999,0.0064515625,0.016103496503496503,0.0
22.310511112213135,0,0.06903359462486001,0.0064515625,0.016103496503496503,0.0
22.334891319274902,0,0.06903359462486001,0.0064515625,0.016103496503496503,0.0
22.35538601875305,0,0.06903359462486001,0.0064515625,0.016103496503496503,0.0
22.375882387161255,0,0.06903359462486001,0.006446484375,0.01610874125874126,0.0
22.40028476715088,0,0.06907838745800672,0.006446484375,0.01610874125874126,0.0
22.420483827590942,0,0.06907838745800672,0.006446484375,0.01610874125874126,0.0
22.44083046913147,0,0.06907838745800672,0.006446484375,0.01610874125874126,0.0
22.465229988098145,0,0.06907838745800672,0.006441796875,0.016113286713286712,0.0
22.486655712127686,0,0.06907838745800672,0.006441796875,0.016113286713286712,0.0
22.510082006454468,0,0.06912318029115341,0.006441796875,0.016113286713286712,0.0
22.531559705734253,0,0.06912318029115341,0.006441796875,0.016113286713286712,0.0
22.552024841308594,0,0.06912318029115341,0.006437109375,0.016117482517482518,0.0
22.57642412185669,0,0.06912318029115341,0.006437109375,0.016117482517482518,0.0
22.596920013427734,0,0.0691679731243001,0.006437109375,0.016117482517482518,0.0
22.621516227722168,0,0.0691679731243001,0.006437109375,0.016117482517482518,0.0
22.64183497428894,0,0.0691679731243001,0.006432421875,0.016121678321678323,0.0
22.662375688552856,0,0.0691679731243001,0.006432421875,0.016121678321678323,0.0
22.686734914779663,0,0.0691679731243001,0.006432421875,0.016121678321678323,0.0
22.707208156585693,0,0.06920156774916013,0.006432421875,0.016121678321678323,0.0
22.72776746749878,0,0.06920156774916013,0.006429296875,0.016121678321678323,0.0
22.75210475921631,0,0.06920156774916013,0.006429296875,0.016125524475524476,0.0
22.772669792175293,0,0.06920156774916013,0.006429296875,0.016125524475524476,0.0
22.797218799591064,0,0.0692575587905935,0.006429296875,0.016125524475524476,0.0
22.817563772201538,0,0.0692575587905935,0.00642734375,0.016125524475524476,0.0
22.8380606174469,0,0.0692575587905935,0.00642734375,0.01612937062937063,0.0
22.862465381622314,0,0.0692575587905935,0.00642734375,0.01612937062937063,0.0
22.883882761001587,0,0.0692575587905935,0.00642734375,0.01612937062937063,0.0
22.90437936782837,0,0.0693471444568869,0.00642734375,0.01612937062937063,0.0
22.928786516189575,0,0.0693471444568869,0.00642734375,0.016133916083916084,0.0
22.94927406311035,0,0.0693471444568869,0.00642734375,0.016133916083916084,0.0
22.97268557548523,0,0.0693471444568869,0.00642734375,0.016133916083916084,0.0
22.994343519210815,0,0.06943673012318029,0.006426171875,0.016133916083916084,0.0
23.014812469482422,0,0.06943673012318029,0.006426171875,0.016137762237762237,0.0
