0.0,1000,-0.014269876819708847,-0.001509765625,0.001554895104895105,0.0
0.0009765625,1000,-0.014269876819708847,-0.001509765625,0.001554895104895105,0.0
0.0009765625,1000,-0.014269876819708847,-0.001509765625,0.001554895104895105,0.0
0.002928018569946289,1000,-0.014269876819708847,-0.001509765625,0.0015513986013986013,0.0
0.003904104232788086,1000,-0.014269876819708847,-0.001509765625,0.0015513986013986013,0.0
0.004880666732788086,1000,-0.014269876819708847,-0.001509765625,0.001554895104895105,0.0
0.004880666732788086,1000,-0.014269876819708847,-0.001509765625,0.001554895104895105,0.0
0.005856037139892578,1000,-0.014258678611422172,-0.001512109375,0.001554895104895105,0.0
0.006832122802734375,1000,-0.014258678611422172,-0.001512109375,0.001554895104895105,0.0
0.0078084468841552734,1000,-0.014258678611422172,-0.001512109375,0.0015583916083916085,0.0
0.0078084468841552734,1000,-0.014258678611422172,-0.001512109375,0.0015583916083916085,0.0
0.008788824081420898,1000,-0.014236282194848824,-0.001513671875,0.0015583916083916085,0.0
0.009760856628417969,1000,-0.014236282194848824,-0.001513671875,0.0015583916083916085,0.0
0.013664722442626953,1001,-0.014236282194848824,-0.001513671875,0.0015583916083916085,0.0
0.01465153694152832,1001,-0.014236282194848824,-0.001513671875,0.0015611888111888112,0.0
0.015616416931152344,1001,-0.014236282194848824,-0.001515625,0.0015611888111888112,0.0
0.016593217849731445,1001,-0.014213885778275476,-0.001515625,0.0015611888111888112,0.0
0.016593217849731445,1001,-0.014213885778275476,-0.001515625,0.0015611888111888112,0.0
0.017568111419677734,1001,-0.014213885778275476,-0.001515625,0.001565034965034965,0.0
0.019520044326782227,1001,-0.014213885778275476,-0.00151796875,0.001565034965034965,0.0
0.019520044326782227,1001,-0.014191489361702126,-0.00151796875,0.001565034965034965,0.0
0.02049565315246582,1001,-0.014191489361702126,-0.00151796875,0.001565034965034965,0.0
0.021472454071044922,1002,-0.014191489361702126,-0.00151796875,0.0015678321678321678,0.0
0.023424863815307617,1002,-0.014191489361702126,-0.0015203125,0.0015678321678321678,0.0
0.026356220245361328,1002,-0.014191489361702126,-0.0015203125,0.0015678321678321678,0.0
0.027328014373779297,1002,-0.014180291153415453,-0.0015203125,0.0015678321678321678,0.0
0.028304100036621094,1002,-0.014180291153415453,-0.0015203125,0.0015702797202797204,0.0
0.029280424118041992,1002,-0.014180291153415453,-0.001521875,0.0015702797202797204,0.0
0.029280424118041992,1002,-0.014180291153415453,-0.001521875,0.0015702797202797204,0.0
0.030256032943725586,1002,-0.014191489361702126,-0.001521875,0.0015702797202797204,0.0
0.033188581466674805,1003,-0.014191489361702126,-0.001521875,0.001574825174825175,0.0
0.035140037536621094,1003,-0.014191489361702126,-0.001523828125,0.001574825174825175,0.0
0.036112070083618164,1003,-0.014191489361702126,-0.001523828125,0.001574825174825175,0.0
0.03708791732788086,1003,-0.014191489361702126,-0.001523828125,0.001574825174825175,0.0
0.03708791732788086,1003,-0.014191489361702126,-0.001523828125,0.001579020979020979,0.0
0.04002022743225098,1003,-0.014191489361702126,-0.001528515625,0.001579020979020979,0.0
0.040992021560668945,1003,-0.014191489361702126,-0.001528515625,0.001579020979020979,0.0
0.04196810722351074,1003,-0.014191489361702126,-0.001528515625,0.001579020979020979,0.0
0.04196810722351074,1003,-0.014191489361702126,-0.001528515625,0.001579020979020979,0.0
0.04294395446777344,1004,-0.014191489361702126,-0.001531640625,0.0015825174825174824,0.0
0.04782414436340332,1004,-0.014191489361702126,-0.001531640625,0.0015825174825174824,0.0
0.04782414436340332,1004,-0.014191489361702126,-0.001531640625,0.0015825174825174824,0.0
0.04977607727050781,1004,-0.014191489361702126,-0.001531640625,0.0015825174825174824,0.0
0.04977607727050781,1004,-0.01414669652855543,-0.0015328125,0.001586013986013986,0.0
0.05075240135192871,1004,-0.01414669652855543,-0.0015328125,0.001586013986013986,0.0
0.05075240135192871,1004,-0.01414669652855543,-0.0015328125,0.001586013986013986,0.0
0.0546565055847168,1005,-0.01414669652855543,-0.0015328125,0.001586013986013986,0.0
0.056607961654663086,1005,-0.014157894736842105,-0.001535546875,0.0015891608391608392,0.0
0.056607961654663086,1005,-0.014157894736842105,-0.001535546875,0.0015891608391608392,0.0
0.05758357048034668,1005,-0.014157894736842105,-0.001535546875,0.0015891608391608392,0.0
0.05856060981750488,1005,-0.014157894736842105,-0.001535546875,0.0015891608391608392,0.0
0.05953621864318848,1005,-0.014157894736842105,-0.001537890625,0.0015916083916083915,0.0
0.05953621864318848,1005,-0.014180291153415453,-0.001537890625,0.0015916083916083915,0.0
0.06150627136230469,1005,-0.014180291153415453,-0.001537890625,0.0015916083916083915,0.0
0.06246447563171387,1005,-0.014180291153415453,-0.001537890625,0.0015916083916083915,0.0
0.07808041572570801,1007,-0.014180291153415453,-0.00153984375,0.0015933566433566433,0.0
0.10248112678527832,1009,-0.014135498320268756,-0.00153984375,0.0015933566433566433,0.0
0.12297606468200684,1011,-0.014135498320268756,-0.00153984375,0.0015933566433566433,0.0
0.14347219467163086,1013,-0.014135498320268756,-0.00153984375,0.0015933566433566433,0.0
0.1669154167175293,1015,-0.014135498320268756,-0.00153828125,0.0015933566433566433,0.0
0.1885852813720703,1017,-0.014135498320268756,-0.00153828125,0.0015958041958041957,0.0
0.20886778831481934,1019,-0.014101903695408735,-0.00153828125,0.0015958041958041957,0.0
0.2334897518157959,1021,-0.014101903695408735,-0.00153828125,0.0015958041958041957,0.0
0.2538301944732666,1023,-0.014101903695408735,-0.00153671875,0.0015958041958041957,0.0
0.27837491035461426,1025,-0.014101903695408735,-0.00153671875,0.0015979020979020979,0.0
0.2986602783203125,1027,-0.014057110862262037,-0.00153671875,0.0015979020979020979,0.0
0.31920695304870605,1029,-0.014057110862262037,-0.00153671875,0.0015979020979020979,0.0
0.3436250686645508,1032,-0.014057110862262037,-0.00153828125,0.0015979020979020979,0.0
0.36504268646240234,1034,-0.014057110862262037,-0.00153828125,0.0016,0.0
0.3846135139465332,1035,-0.014057110862262037,-0.00153828125,0.0016,0.0
0.40992212295532227,1038,-0.01403471444568869,-0.00153828125,0.0016,0.0
0.43044447898864746,1040,-0.01403471444568869,-0.001540234375,0.0016,0.0
0.4538404941558838,1042,-0.01403471444568869,-0.001540234375,0.001602097902097902,0.0
0.4753129482269287,1044,-0.01403471444568869,-0.001540234375,0.001602097902097902,0.0
0.4959292411804199,1046,-0.014045912653975364,-0.001540234375,0.001602097902097902,0.0
0.5202422142028809,1048,-0.014045912653975364,-0.00154296875,0.001602097902097902,0.0
0.540769100189209,1050,-0.014045912653975364,-0.00154296875,0.0016038461538461538,0.0
0.5653181076049805,1052,-0.014045912653975364,-0.00154296875,0.0016038461538461538,0.0
0.5856039524078369,1054,-0.014045912653975364,-0.00154296875,0.0016038461538461538,0.0
0.6063144207000732,1056,-0.014023516237402014,-0.00154453125,0.0016038461538461538,0.0
0.6268103122711182,1058,-0.014023516237402014,-0.00154453125,0.0016052447552447552,0.0
0.6512100696563721,1060,-0.014023516237402014,-0.00154453125,0.0016052447552447552,0.0
0.6715145111083984,1062,-0.014023516237402014,-0.00154453125,0.0016052447552447552,0.0
0.6961030960083008,1064,-0.014045912653975364,-0.0015453125,0.0016052447552447552,0.0
0.7163889408111572,1066,-0.014045912653975364,-0.0015453125,0.0016052447552447552,0.0
0.7408528327941895,1069,-0.014045912653975364,-0.0015453125,0.0016066433566433566,0.0
0.762274980545044,1071,-0.014045912653975364,-0.0015453125,0.0016066433566433566,0.0
0.7827532291412354,1072,-0.014045912653975364,-0.00154609375,0.0016066433566433566,0.0
0.8061814308166504,1075,-0.014101903695408735,-0.00154609375,0.0016066433566433566,0.0
0.8276481628417969,1077,-0.014101903695408735,-0.00154609375,0.0016076923076923076,0.0
0.8481454849243164,1079,-0.014101903695408735,-0.00154609375,0.0016076923076923076,0.0
0.8727612495422363,1081,-0.014101903695408735,-0.0015484375,0.0016076923076923076,0.0
0.8930401802062988,1083,-0.014068309070548712,-0.0015484375,0.0016076923076923076,0.0
0.9176568984985352,1085,-0.014068309070548712,-0.0015484375,0.0016090909090909092,0.0
0.9381611347198486,1087,-0.014068309070548712,-0.0015484375,0.0016090909090909092,0.0
0.9584372043609619,1089,-0.014068309070548712,-0.0015515625,0.0016090909090909092,0.0
0.983057975769043,1091,-0.014068309070548712,-0.0015515625,0.0016090909090909092,0.0
1.0033469200134277,1093,-0.014068309070548712,-0.0015515625,0.0016104895104895106,0.0
1.0277936458587646,1095,-0.014068309070548712,-0.0015515625,0.0016104895104895106,0.0
1.0482861995697021,1097,-0.014068309070548712,-0.001555078125,0.0016104895104895106,0.0
1.068721055984497,1099,-0.014068309070548712,-0.001555078125,0.0016104895104895106,0.0
1.0931427478790283,1101,-0.014079507278835385,-0.001555078125,0.001611888111888112,0.0
1.1136212348937988,1103,-0.014079507278835385,-0.001555078125,0.001611888111888112,0.0
1.1350908279418945,1105,-0.014079507278835385,-0.001557421875,0.001611888111888112,0.0
1.159489631652832,1108,-0.014079507278835385,-0.001557421875,0.001611888111888112,0.0
1.1799840927124023,1109,-0.014079507278835385,-0.001557421875,0.001611888111888112,0.0
1.2034087181091309,1112,-0.014124300111982083,-0.001557421875,0.0016125874125874125,0.0
1.224884033203125,1114,-0.014124300111982083,-0.001558984375,0.0016125874125874125,0.0
1.2453765869140625,1116,-0.014124300111982083,-0.001558984375,0.0016125874125874125,0.0
1.268869161605835,1118,-0.014124300111982083,-0.001558984375,0.0016125874125874125,0.0
1.2902729511260986,1120,-0.01414669652855543,-0.001558984375,0.0016143356643356643,0.0
1.3108360767364502,1122,-0.01414669652855543,-0.001562109375,0.0016143356643356643,0.0
1.3353869915008545,1124,-0.01414669652855543,-0.001562109375,0.0016143356643356643,0.0
1.3557333946228027,1126,-0.01414669652855543,-0.001562109375,0.0016143356643356643,0.0
1.3802850246429443,1128,-0.01414669652855543,-0.001562109375,0.0016164335664335665,0.0
1.4006307125091553,1130,-0.014180291153415453,-0.001565234375,0.0016164335664335665,0.0
1.4212193489074707,1132,-0.014180291153415453,-0.001565234375,0.0016164335664335665,0.0
1.4456844329833984,1134,-0.014180291153415453,-0.001565234375,0.0016164335664335665,0.0
1.4661660194396973,1136,-0.014180291153415453,-0.001565234375,0.001618181818181818,0.0
1.4866735935211182,1138,-0.014180291153415453,-0.001568359375,0.001618181818181818,0.0
1.5110752582550049,1140,-0.014180291153415453,-0.001568359375,0.001618181818181818,0.0
1.5315725803375244,1142,-0.014180291153415453,-0.001568359375,0.001618181818181818,0.0
1.5559604167938232,1144,-0.014180291153415453,-0.001568359375,0.0016199300699300699,0.0
1.5773942470550537,1146,-0.014180291153415453,-0.001571484375,0.0016199300699300699,2857.14
1.5978724956512451,1148,-0.014191489361702126,-0.001571484375,0.0016199300699300699,2727.27
1.6222712993621826,1151,-0.014191489361702126,-0.001571484375,0.0016199300699300699,3809.52
1.6427676677703857,1153,-0.014191489361702126,-0.001571484375,0.001622027972027972,5714.29
1.6671671867370605,1155,-0.014191489361702126,-0.001574609375,0.001622027972027972,5714.29
1.687730312347412,1157,-0.014157894736842105,-0.001574609375,0.001622027972027972,5714.29
1.7081587314605713,1159,-0.014157894736842105,-0.001574609375,0.001622027972027972,7619.05
1.732778549194336,1161,-0.014157894736842105,-0.001574609375,0.001622027972027972,7142.86
1.7530553340911865,1163,-0.014157894736842105,-0.001581640625,0.0016248251748251748,7619.05
1.7735669612884521,1165,-0.014157894736842105,-0.001581640625,0.0016248251748251748,8571.43
1.79795503616333,1167,-0.014045912653975364,-0.001581640625,0.0016248251748251748,9047.62
1.818476915359497,1169,-0.014045912653975364,-0.001581640625,0.0016248251748251748,8571.43
1.8429036140441895,1171,-0.014045912653975364,-0.00159765625,0.0016374125874125875,8571.43
1.8633477687835693,1173,-0.014045912653975364,-0.00159765625,0.0016374125874125875,8571.43
1.8838398456573486,1175,-0.013922732362821948,-0.00159765625,0.0016374125874125875,10000.0
1.9092156887054443,1177,-0.013922732362821948,-0.00159765625,0.0016374125874125875,8571.43
1.928739070892334,1179,-0.013922732362821948,-0.001607421875,0.0016486013986013986,10000.0
1.949234962463379,1181,-0.013922732362821948,-0.001607421875,0.0016486013986013986,10000.0
1.9746074676513672,1183,-0.013922732362821948,-0.001607421875,0.0016486013986013986,10000.0
1.9951035976409912,1185,-0.01365397536394177,-0.001607421875,0.0016486013986013986,10476.19
2.019503355026245,1188,-0.01365397536394177,-0.00161640625,0.0016580419580419581,9523.81
2.040085792541504,1190,-0.01365397536394177,-0.00161640625,0.0016580419580419581,9523.81
2.060495615005493,1191,-0.01365397536394177,-0.00161640625,0.0016580419580419581,10476.19
2.084895372390747,1194,-0.013228443449048152,-0.00161640625,0.0016580419580419581,10476.19
2.105391263961792,1196,-0.013228443449048152,-0.00162421875,0.0016632867132867133,11428.57
2.126085042953491,1198,-0.013228443449048152,-0.00162421875,0.0016632867132867133,10476.19
2.150287389755249,1200,-0.013228443449048152,-0.00162421875,0.0016632867132867133,10476.19
2.170783042907715,1202,-0.013228443449048152,-0.00162421875,0.0016632867132867133,10000.0
2.1952476501464844,1204,-0.012679731243001119,-0.001631640625,0.0016706293706293706,10476.19
2.215679407119751,1206,-0.012679731243001119,-0.001631640625,0.0016706293706293706,10952.38
2.2362382411956787,1208,-0.012679731243001119,-0.001631640625,0.0016706293706293706,11428.57
2.2607924938201904,1210,-0.012679731243001119,-0.001631640625,0.0016706293706293706,11428.57
2.281071901321411,1212,-0.011985442329227323,-0.001640234375,0.0016706293706293706,12380.95
2.305475950241089,1214,-0.011985442329227323,-0.001640234375,0.001677972027972028,11428.57
2.326944589614868,1216,-0.011985442329227323,-0.001640234375,0.001677972027972028,11904.76
2.346463203430176,1218,-0.011985442329227323,-0.001640234375,0.001677972027972028,12857.14
2.371870279312134,1220,-0.011985442329227323,-0.00164765625,0.001677972027972028,12380.95
2.392335891723633,1222,-0.011212765957446807,-0.00164765625,0.001684965034965035,12380.95
2.4128575325012207,1224,-0.011212765957446807,-0.00164765625,0.001684965034965035,11904.76
2.4373695850372314,1227,-0.011212765957446807,-0.00164765625,0.001684965034965035,13333.33
2.4577276706695557,1228,-0.011212765957446807,-0.001654296875,0.001684965034965035,12857.14
2.4821274280548096,1231,-0.010316909294512877,-0.001654296875,0.0016933566433566434,13333.33
2.5028369426727295,1233,-0.010316909294512877,-0.001654296875,0.0016933566433566434,12380.95
2.5231752395629883,1235,-0.010316909294512877,-0.001654296875,0.0016933566433566434,14285.71
2.547523260116577,1237,-0.010316909294512877,-0.001662109375,0.0016933566433566434,13333.33
2.5680441856384277,1239,-0.010316909294512877,-0.001662109375,0.001702097902097902,13809.52
2.5885424613952637,1241,-0.009309070548712205,-0.001662109375,0.001702097902097902,13333.33
2.612943649291992,1243,-0.009309070548712205,-0.001662109375,0.001702097902097902,13809.52
2.6334383487701416,1245,-0.009309070548712205,-0.001669140625,0.001702097902097902,12380.95
2.6578385829925537,1247,-0.009309070548712205,-0.001669140625,0.0017111888111888112,14285.71
2.6783037185668945,1249,-0.008245240761478163,-0.001669140625,0.0017111888111888112,12857.14
2.6988306045532227,1251,-0.008245240761478163,-0.001669140625,0.0017111888111888112,15238.1
2.723233938217163,1253,-0.008245240761478163,-0.00167578125,0.0017111888111888112,14285.71
2.7446978092193604,1255,-0.008245240761478163,-0.00167578125,0.0017111888111888112,14761.9
2.765167713165283,1257,-0.008245240761478163,-0.00167578125,0.0017206293706293707,14285.71
2.789567708969116,1259,-0.007024636058230682,-0.00167578125,0.0017206293706293707,14761.9
2.8100640773773193,1261,-0.007024636058230682,-0.001683984375,0.0017206293706293707,13809.52
2.8344638347625732,1264,-0.007024636058230682,-0.001683984375,0.0017206293706293707,14285.71
2.854959726333618,1265,-0.007024636058230682,-0.001683984375,0.0017304195804195804,14285.71
2.8756697177886963,1267,-0.005736842105263157,-0.001683984375,0.0017304195804195804,14761.9
2.9000768661499023,1270,-0.005736842105263157,-0.001692578125,0.0017304195804195804,14761.9
2.920351982116699,1272,-0.005736842105263157,-0.001692578125,0.0017304195804195804,15238.1
2.9448201656341553,1274,-0.005736842105263157,-0.001692578125,0.0017405594405594405,14761.9
2.965465784072876,1276,-0.005736842105263157,-0.001692578125,0.0017405594405594405,15714.29
2.985748052597046,1278,-0.004381858902575588,-0.0017,0.0017405594405594405,15238.1
3.010178804397583,1280,-0.004381858902575588,-0.0017,0.0017405594405594405,13809.52
3.0306396484375,1282,-0.004381858902575588,-0.0017,0.00175,14761.9
3.0511863231658936,1284,-0.004381858902575588,-0.0017,0.00175,15238.1
3.0765299797058105,1286,-0.0029036954087346026,-0.00170703125,0.00175,16666.67
3.096248149871826,1288,-0.0029036954087346026,-0.00170703125,0.00175,15238.1
3.121407985687256,1290,-0.0029036954087346026,-0.00170703125,0.001758041958041958,16190.48
3.1419060230255127,1292,-0.0029036954087346026,-0.00170703125,0.001758041958041958,14761.9
3.1624975204467773,1294,-0.0029036954087346026,-0.0017140625,0.001758041958041958,16190.48
3.186800241470337,1296,-0.001335946248600224,-0.0017140625,0.001758041958041958,15238.1
3.2072958946228027,1298,-0.001335946248600224,-0.0017140625,0.0017674825174825175,16666.67
3.2277920246124268,1300,-0.001335946248600224,-0.0017140625,0.0017674825174825175,15714.29
3.252379894256592,1302,-0.001335946248600224,-0.00171875,0.0017674825174825175,17142.86
3.272754669189453,1304,0.00035498320268757003,-0.00171875,0.0017674825174825175,16190.48
3.297092914581299,1307,0.00035498320268757003,-0.00171875,0.0017674825174825175,17619.05
3.317612648010254,1309,0.00035498320268757003,-0.00171875,0.0017737762237762238,16666.67
3.3382914066314697,1310,0.00035498320268757003,-0.001716015625,0.0017737762237762238,17619.05
3.362480401992798,1313,0.00035498320268757003,-0.001716015625,0.0017737762237762238,16190.48
3.383042573928833,1315,0.002146696528555431,-0.001716015625,0.0017737762237762238,17142.86
3.4034764766693115,1317,0.002146696528555431,-0.001716015625,0.0017744755244755244,17619.05
3.4278762340545654,1319,0.002146696528555431,-0.001716015625,0.0017744755244755244,16666.67
3.4484364986419678,1321,0.002146696528555431,-0.001716015625,0.0017744755244755244,17142.86
3.4737448692321777,1323,0.003927211646136618,-0.001716015625,0.0017744755244755244,17619.05
3.4942402839660645,1325,0.003927211646136618,-0.001719921875,0.0017737762237762238,16190.48
3.513831853866577,1327,0.003927211646136618,-0.001719921875,0.0017737762237762238,18095.24
3.539137601852417,1329,0.003927211646136618,-0.001719921875,0.0017737762237762238,17619.05
3.5596327781677246,1331,0.003927211646136618,-0.001719921875,0.0017737762237762238,18095.24
3.5801281929016113,1333,0.005662933930571108,-0.00172421875,0.0017748251748251748,17619.05
3.60459566116333,1335,0.005662933930571108,-0.00172421875,0.0017748251748251748,18571.43
3.6250243186950684,1337,0.005662933930571108,-0.00172421875,0.0017748251748251748,18095.24
3.6494884490966797,1339,0.005662933930571108,-0.00172421875,0.0017748251748251748,16666.67
3.6699206829071045,1341,0.007353863381858903,-0.001730859375,0.0017783216783216784,19047.62
3.6904304027557373,1343,0.007353863381858903,-0.001730859375,0.0017783216783216784,17619.05
3.7150299549102783,1346,0.007353863381858903,-0.001730859375,0.0017783216783216784,18571.43
3.7353157997131348,1347,0.007353863381858903,-0.001730859375,0.0017783216783216784,17142.86
3.759713649749756,1350,0.007353863381858903,-0.001737890625,0.0017846153846153847,19523.81
3.7802748680114746,1352,0.009044792833146697,-0.001737890625,0.0017846153846153847,18095.24
3.800708770751953,1354,0.009044792833146697,-0.001737890625,0.0017846153846153847,18571.43
3.825132369995117,1356,0.009044792833146697,-0.001737890625,0.0017846153846153847,18095.24
3.8458218574523926,1358,0.009044792833146697,-0.00174296875,0.0017846153846153847,18571.43
3.866100788116455,1360,0.010746920492721164,-0.00174296875,0.001791958041958042,19047.62
3.891491174697876,1362,0.010746920492721164,-0.00174296875,0.001791958041958042,19047.62
3.91196870803833,1364,0.010746920492721164,-0.00174296875,0.001791958041958042,19047.62
3.936368703842163,1366,0.010746920492721164,-0.00175,0.001791958041958042,20000.0
3.956864356994629,1368,0.010746920492721164,-0.00175,0.0018006993006993008,19047.62
3.9773643016815186,1370,0.012460246360582307,-0.00175,0.0018006993006993008,19523.81
4.001977443695068,1372,0.012460246360582307,-0.00175,0.0018006993006993008,19047.62
4.022383689880371,1374,0.012460246360582307,-0.0017578125,0.0018006993006993008,19523.81
4.0428149700164795,1376,0.012460246360582307,-0.0017578125,0.0018087412587412587,19047.62
4.0673668384552,1378,0.014218365061590146,-0.0017578125,0.0018087412587412587,20000.0
4.087717533111572,1380,0.014218365061590146,-0.0017578125,0.0018087412587412587,19523.81
4.112129211425781,1383,0.014218365061590146,-0.001765234375,0.0018087412587412587,19047.62
4.13261604309082,1384,0.014218365061590146,-0.001765234375,0.0018167832167832168,19047.62
4.153109312057495,1386,0.014218365061590146,-0.001765234375,0.0018167832167832168,20476.19
4.177444696426392,1389,0.016010078387458007,-0.001765234375,0.0018167832167832168,19523.81
4.198159456253052,1391,0.016010078387458007,-0.001773828125,0.0018167832167832168,19523.81
4.219435214996338,1393,0.016010078387458007,-0.001773828125,0.0018276223776223777,20952.38
4.242835998535156,1395,0.016010078387458007,-0.001773828125,0.0018276223776223777,20476.19
4.263396501541138,1397,0.017756998880179172,-0.001773828125,0.0018276223776223777,21428.57
4.2887043952941895,1399,0.017756998880179172,-0.00178125,0.0018276223776223777,19545.46
4.3092005252838135,1401,0.017756998880179172,-0.00178125,0.0018276223776223777,20000.0
4.3296959400177,1403,0.017756998880179172,-0.00178125,0.0018395104895104896,20952.38
4.35422158241272,1405,0.017756998880179172,-0.00178125,0.0018395104895104896,20952.38
4.374593496322632,1407,0.019548712206047033,-0.0017890625,0.0018395104895104896,20952.38
4.399271011352539,1409,0.019548712206047033,-0.0017890625,0.0018395104895104896,21904.76
4.419488430023193,1411,0.019548712206047033,-0.0017890625,0.0018527972027972029,19523.81
4.440048933029175,1413,0.019548712206047033,-0.0017890625,0.0018527972027972029,21428.57
4.464599847793579,1415,0.021463605823068308,-0.001796484375,0.0018527972027972029,21428.57
4.485088348388672,1417,0.021463605823068308,-0.001796484375,0.0018527972027972029,20952.38
4.505444288253784,1419,0.021463605823068308,-0.001796484375,0.0018667832167832167,20952.38
4.5297768115997314,1421,0.021463605823068308,-0.001796484375,0.0018667832167832167,21904.76
4.550376892089844,1423,0.021463605823068308,-0.001805859375,0.0018667832167832167,20952.38
4.574739217758179,1426,0.023434490481522956,-0.001805859375,0.0018667832167832167,21428.57
4.595386028289795,1428,0.023434490481522956,-0.001805859375,0.0018797202797202798,21428.57
4.616640329360962,1429,0.023434490481522956,-0.001805859375,0.0018797202797202798,21428.57
4.641042470932007,1432,0.023434490481522956,-0.001815234375,0.0018797202797202798,20952.38
4.661536931991577,1434,0.0254501679731243,-0.001815234375,0.0018797202797202798,21904.76
4.682034969329834,1436,0.0254501679731243,-0.001815234375,0.0018937062937062937,21428.57
4.706432342529297,1438,0.0254501679731243,-0.001815234375,0.0018937062937062937,21428.57
4.7269933223724365,1440,0.0254501679731243,-0.001825,0.0018937062937062937,21904.76
4.751550674438477,1442,0.0254501679731243,-0.001825,0.0018937062937062937,21904.76
4.771891355514526,1444,0.027465845464725643,-0.001825,0.0019080419580419581,22380.95
4.792320728302002,1446,0.027465845464725643,-0.001825,0.0019080419580419581,22857.14
4.816721439361572,1448,0.027465845464725643,-0.001833984375,0.0019080419580419581,21904.76
4.837285280227661,1450,0.027465845464725643,-0.001833984375,0.0019080419580419581,22857.14
4.857731580734253,1452,0.029470324748040313,-0.001833984375,0.0019080419580419581,22857.14
4.882167100906372,1454,0.029470324748040313,-0.001833984375,0.0019195804195804196,23809.52
4.902823448181152,1456,0.029470324748040313,-0.001844140625,0.0019195804195804196,22857.14
4.9280104637146,1458,0.029470324748040313,-0.001844140625,0.0019195804195804196,23333.33
4.947574615478516,1460,0.029470324748040313,-0.001844140625,0.0019195804195804196,23809.52
4.968001842498779,1462,0.031374020156774915,-0.001844140625,0.0019293706293706293,23333.33
4.992470979690552,1465,0.031374020156774915,-0.001857421875,0.0019293706293706293,23809.52
5.012929201126099,1466,0.031374020156774915,-0.001857421875,0.0019293706293706293,21904.76
5.038273811340332,1469,0.031374020156774915,-0.001857421875,0.0019293706293706293,23333.33
5.058797597885132,1471,0.03323292273236282,-0.001857421875,0.0019405594405594406,22380.95
5.079265356063843,1473,0.03323292273236282,-0.001870703125,0.0019405594405594406,28095.24
5.10370135307312,1475,0.03323292273236282,-0.001870703125,0.0019405594405594406,21428.57
5.124160528182983,1477,0.03323292273236282,-0.001870703125,0.0019405594405594406,23809.52
5.144657135009766,1479,0.03323292273236282,-0.001870703125,0.001952797202797203,24285.71
5.169268369674683,1481,0.035147816349384096,-0.001883203125,0.001952797202797203,24285.71
5.189765691757202,1483,0.035147816349384096,-0.001883203125,0.001952797202797203,22857.14
5.213956594467163,1485,0.035147816349384096,-0.001883203125,0.001952797202797203,25238.09
5.234517335891724,1487,0.035147816349384096,-0.001883203125,0.001965034965034965,22857.14
5.255157709121704,1489,0.03716349384098544,-0.00189609375,0.001965034965034965,26190.48
5.279414176940918,1491,0.03716349384098544,-0.00189609375,0.001965034965034965,22857.14
5.299844741821289,1493,0.03716349384098544,-0.00189609375,0.001965034965034965,24761.91
5.32055926322937,1495,0.03716349384098544,-0.00189609375,0.001965034965034965,23333.33
5.3457136154174805,1497,0.03716349384098544,-0.001908984375,0.0019765734265734265,24761.91
5.365236520767212,1499,0.039212765957446806,-0.001908984375,0.0019765734265734265,24285.71
5.390609264373779,1502,0.039212765957446806,-0.001908984375,0.0019765734265734265,24761.91
5.411104917526245,1504,0.039212765957446806,-0.001908984375,0.0019765734265734265,24761.91
5.4316017627716064,1505,0.039212765957446806,-0.001920703125,0.0019874125874125874,26190.48
5.456000566482544,1508,0.04121724524076147,-0.001920703125,0.0019874125874125874,22857.14
5.476497411727905,1510,0.04121724524076147,-0.001920703125,0.0019874125874125874,24761.91
5.497076988220215,1512,0.04121724524076147,-0.001920703125,0.0019874125874125874,23809.52
5.521408557891846,1514,0.04121724524076147,-0.001935546875,0.0019986013986013984,25714.29
5.541932821273804,1516,0.04121724524076147,-0.001935546875,0.0019986013986013984,23809.52
5.5663580894470215,1518,0.04331131019036954,-0.001935546875,0.0019986013986013984,27142.86
5.586851358413696,1520,0.04331131019036954,-0.001935546875,0.0019986013986013984,25238.09
5.607348203659058,1522,0.04331131019036954,-0.00194921875,0.002009090909090909,26190.48
5.631752967834473,1524,0.04331131019036954,-0.00194921875,0.002009090909090909,26190.48
5.652391195297241,1526,0.04546136618141097,-0.00194921875,0.002009090909090909,24285.71
5.6775853633880615,1528,0.04546136618141097,-0.00194921875,0.002009090909090909,26190.48
5.697109222412109,1530,0.04546136618141097,-0.00196328125,0.0020181818181818183,25238.09
5.717788457870483,1532,0.04546136618141097,-0.00196328125,0.0020181818181818183,27142.86
5.742945432662964,1534,0.04546136618141097,-0.00196328125,0.0020181818181818183,25714.29
5.763441801071167,1536,0.04763381858902575,-0.00196328125,0.0020181818181818183,27619.05
5.782965183258057,1538,0.04763381858902575,-0.00197734375,0.0020269230769230768,25238.09
5.808338403701782,1541,0.04763381858902575,-0.00197734375,0.0020269230769230768,28571.43
5.828861951828003,1542,0.04763381858902575,-0.00197734375,0.0020269230769230768,26190.48
5.853233098983765,1545,0.049884658454647256,-0.00197734375,0.0020269230769230768,26190.48
5.873758554458618,1547,0.049884658454647256,-0.0019921875,0.0020269230769230768,24761.91
5.894225120544434,1549,0.049884658454647256,-0.0019921875,0.002036013986013986,28095.24
5.918844223022461,1551,0.049884658454647256,-0.0019921875,0.002036013986013986,26666.67
5.939321756362915,1553,0.05218029115341545,-0.0019921875,0.002036013986013986,27142.86
5.959617376327515,1555,0.05218029115341545,-0.002007421875,0.002036013986013986,25714.29
5.984017610549927,1557,0.05218029115341545,-0.002007421875,0.002044755244755245,26666.67
6.004582405090332,1559,0.05218029115341545,-0.002007421875,0.002044755244755245,25714.29
6.02896785736084,1561,0.05218029115341545,-0.002007421875,0.002044755244755245,28095.24
6.04948353767395,1563,0.05443113101903695,-0.002023046875,0.002044755244755245,26666.67
6.069963216781616,1565,0.05443113101903695,-0.002023046875,0.0020524475524475523,27142.86
6.0943052768707275,1567,0.05443113101903695,-0.002023046875,0.0020524475524475523,25238.09
6.114804744720459,1569,0.05443113101903695,-0.002023046875,0.0020524475524475523,27619.05
6.135513782501221,1571,0.05676035834266517,-0.002037890625,0.0020524475524475523,26666.67
6.1606738567352295,1573,0.05676035834266517,-0.002037890625,0.0020601398601398603,27142.86
6.1801981925964355,1575,0.05676035834266517,-0.002037890625,0.0020601398601398603,26190.48
6.20556902885437,1578,0.05676035834266517,-0.002037890625,0.0020601398601398603,28095.24
6.226093769073486,1579,0.05676035834266517,-0.002052734375,0.0020601398601398603,26666.67
6.2465879917144775,1581,0.059100783874580065,-0.002052734375,0.002067832167832168,28571.43
6.270961046218872,1584,0.059100783874580065,-0.002052734375,0.002067832167832168,26190.48
6.291520595550537,1586,0.059100783874580065,-0.002052734375,0.002067832167832168,29047.62
6.3159239292144775,1588,0.059100783874580065,-0.00206640625,0.002067832167832168,28571.43
6.3364174365997314,1590,0.06149720044792833,-0.00206640625,0.002076223776223776,28095.24
6.3568501472473145,1592,0.06149720044792833,-0.00206640625,0.002076223776223776,30000.0
6.38146448135376,1594,0.06149720044792833,-0.00206640625,0.002076223776223776,27619.05
6.401750087738037,1596,0.06149720044792833,-0.002076953125,0.002076223776223776,28571.43
6.422241449356079,1598,0.06149720044792833,-0.002076953125,0.002076223776223776,28095.24
6.44685697555542,1600,0.06398320268756999,-0.002076953125,0.002084965034965035,30000.0
6.467348575592041,1602,0.06398320268756999,-0.002076953125,0.002084965034965035,27142.86
6.492514133453369,1604,0.06398320268756999,-0.0020875,0.002084965034965035,28571.43
6.513028383255005,1606,0.06398320268756999,-0.0020875,0.002084965034965035,28095.24
6.532598972320557,1608,0.06663717805151176,-0.0020875,0.002097202797202797,31904.76
6.557908773422241,1610,0.06663717805151176,-0.0020875,0.002097202797202797,28095.24
6.578420639038086,1612,0.06663717805151176,-0.0020984375,0.002097202797202797,29047.62
6.598898410797119,1614,0.06663717805151176,-0.0020984375,0.002097202797202797,27142.86
6.623297452926636,1616,0.06663717805151176,-0.0020984375,0.0021094405594405596,28571.43
6.643793344497681,1618,0.06944792833146696,-0.0020984375,0.0021094405594405596,27619.05
6.668375492095947,1621,0.06944792833146696,-0.002109375,0.0021094405594405596,30000.0
6.688753843307495,1623,0.06944792833146696,-0.002109375,0.0021094405594405596,27142.86
6.709201335906982,1624,0.06944792833146696,-0.002109375,0.002120979020979021,30000.0
6.7336554527282715,1627,0.07223628219484882,-0.002109375,0.002120979020979021,28095.24
6.754085302352905,1629,0.07223628219484882,-0.002120703125,0.002120979020979021,30000.0
6.774604320526123,1631,0.07223628219484882,-0.002120703125,0.002120979020979021,28571.43
6.799046993255615,1633,0.07223628219484882,-0.002120703125,0.0021304195804195806,30952.38
6.819501876831055,1635,0.07223628219484882,-0.002120703125,0.0021304195804195806,29047.62
6.844095706939697,1637,0.07497984322508398,-0.0021328125,0.0021304195804195806,29523.81
6.8643739223480225,1639,0.07497984322508398,-0.0021328125,0.0021304195804195806,29047.62
6.885871171951294,1641,0.07497984322508398,-0.0021328125,0.0021304195804195806,30952.38
6.910242319107056,1643,0.07497984322508398,-0.0021328125,0.002139160839160839,30000.0
6.930760622024536,1645,0.07768980963045913,-0.00214375,0.002139160839160839,29523.81
6.9503865242004395,1647,0.07768980963045913,-0.00214375,0.002139160839160839,28571.43
6.975686311721802,1649,0.07768980963045913,-0.00214375,0.002139160839160839,31363.64
6.9961488246917725,1651,0.07768980963045913,-0.00214375,0.002147902097902098,33333.33
7.0205299854278564,1653,0.07768980963045913,-0.002154296875,0.002147902097902098,30000.0
7.041088819503784,1655,0.08045576707726763,-0.002154296875,0.002147902097902098,31904.76
7.061521768569946,1657,0.08045576707726763,-0.002154296875,0.002147902097902098,30952.38
7.086016416549683,1660,0.08045576707726763,-0.002154296875,0.0021573426573426573,30952.38
7.106484651565552,1661,0.08045576707726763,-0.00216484375,0.0021573426573426573,28571.43
7.131035804748535,1664,0.0831993281075028,-0.00216484375,0.0021573426573426573,30000.0
7.151383638381958,1666,0.0831993281075028,-0.00216484375,0.0021573426573426573,30952.38
7.171814203262329,1668,0.0831993281075028,-0.00216484375,0.0021660839160839163,30476.19
7.196425199508667,1670,0.0831993281075028,-0.00217578125,0.0021660839160839163,30952.38
7.216906785964966,1672,0.0831993281075028,-0.00217578125,0.0021660839160839163,30952.38
7.237206220626831,1674,0.08585330347144457,-0.00217578125,0.0021660839160839163,29047.62
7.262578725814819,1676,0.08585330347144457,-0.00217578125,0.0021751748251748254,32857.14
7.282097101211548,1678,0.08585330347144457,-0.00218515625,0.0021751748251748254,30952.38
7.3074727058410645,1680,0.08585330347144457,-0.00218515625,0.0021751748251748254,32380.95
7.327969551086426,1682,0.08854087346024636,-0.00218515625,0.0021751748251748254,30476.19
7.348465204238892,1684,0.08854087346024636,-0.00218515625,0.0021825174825174827,31428.57
7.372865438461304,1686,0.08854087346024636,-0.002193359375,0.0021825174825174827,30476.19
7.3933610916137695,1688,0.08854087346024636,-0.002193359375,0.0021825174825174827,31904.76
7.4138569831848145,1690,0.08854087346024636,-0.002193359375,0.0021825174825174827,30952.38
7.438261032104492,1692,0.09126203807390817,-0.002193359375,0.0021825174825174827,30476.19
7.458754062652588,1694,0.09126203807390817,-0.002200390625,0.00218986013986014,31428.57
7.483372211456299,1697,0.09126203807390817,-0.002200390625,0.00218986013986014,31428.57
7.503716945648193,1698,0.09126203807390817,-0.002200390625,0.00218986013986014,31904.76
7.524198770523071,1700,0.09398320268757,-0.002200390625,0.00218986013986014,32380.95
7.548550128936768,1703,0.09398320268757,-0.002210546875,0.0021975524475524475,31428.57
7.569258451461792,1705,0.09398320268757,-0.002210546875,0.0021975524475524475,31904.76
7.589606046676636,1706,0.09398320268757,-0.002210546875,0.0021975524475524475,30952.38
7.614946126937866,1709,0.09398320268757,-0.002210546875,0.0021975524475524475,33333.33
7.634454011917114,1711,0.09673796192609184,-0.002220703125,0.002205244755244755,33809.52
7.659828186035156,1713,0.09673796192609184,-0.002220703125,0.002205244755244755,32380.95
7.679356098175049,1715,0.09673796192609184,-0.002220703125,0.002205244755244755,32380.95
7.699857473373413,1717,0.09673796192609184,-0.002220703125,0.002205244755244755,30952.38
7.725233316421509,1719,0.09951511758118702,-0.0022296875,0.002212237762237762,34761.91
7.74569845199585,1721,0.09951511758118702,-0.0022296875,0.002212237762237762,31428.57
7.770097970962524,1723,0.09951511758118702,-0.0022296875,0.002212237762237762,35238.09
7.790597438812256,1725,0.09951511758118702,-0.0022296875,0.002212237762237762,30476.19
7.811089992523193,1727,0.09951511758118702,-0.00223984375,0.0022199300699300697,32857.14
7.835490465164185,1729,0.10232586786114223,-0.00223984375,0.0022199300699300697,32380.95
7.856010913848877,1731,0.10232586786114223,-0.00223984375,0.0022199300699300697,33809.52
7.876699209213257,1733,0.10232586786114223,-0.00223984375,0.0022199300699300697,31428.57
7.9009435176849365,1735,0.10232586786114223,-0.00225,0.0022199300699300697,33809.52
7.921382427215576,1737,0.10506942889137738,-0.00225,0.0022300699300699302,31904.76
7.945993661880493,1740,0.10506942889137738,-0.00225,0.0022300699300699302,32857.14
7.966492176055908,1742,0.10506942889137738,-0.00225,0.0022300699300699302,31428.57
7.9868385791778564,1743,0.10506942889137738,-0.002259375,0.0022300699300699302,34285.71
8.012165069580078,1746,0.10506942889137738,-0.002259375,0.0022398601398601397,31904.76
8.031886339187622,1748,0.1078801791713326,-0.002259375,0.0022398601398601397,33333.33
8.052165985107422,1750,0.1078801791713326,-0.002259375,0.0022398601398601397,32380.95
8.07753872871399,1752,0.1078801791713326,-0.00226953125,0.0022398601398601397,35238.09
8.098034858703613,1754,0.1078801791713326,-0.00226953125,0.0022493006993006995,33333.33
8.122453212738037,1756,0.11074692049272117,-0.00226953125,0.0022493006993006995,35238.09
8.142930030822754,1758,0.11074692049272117,-0.002280859375,0.0022493006993006995,34761.91
8.163426399230957,1760,0.11074692049272117,-0.002280859375,0.0022493006993006995,33333.33
8.188043594360352,1762,0.11074692049272117,-0.002280859375,0.0022597902097902097,34285.71
8.208322286605835,1764,0.11074692049272117,-0.002280859375,0.0022597902097902097,34285.71
8.229039907455444,1766,0.11362486002239643,-0.002291796875,0.0022597902097902097,32857.14
8.253222227096558,1768,0.11362486002239643,-0.002291796875,0.0022597902097902097,34761.91
8.273714780807495,1770,0.11362486002239643,-0.002291796875,0.002270979020979021,33333.33
8.298170804977417,1772,0.11362486002239643,-0.002291796875,0.002270979020979021,33809.52
8.31883192062378,1774,0.11652519596864502,-0.002303125,0.002270979020979021,33809.52
8.33916711807251,1776,0.11652519596864502,-0.002303125,0.002270979020979021,31428.57
8.363510847091675,1779,0.11652519596864502,-0.002303125,0.0022832167832167833,35238.09
8.384215831756592,1780,0.11652519596864502,-0.002303125,0.0022832167832167833,33809.52
8.408467292785645,1783,0.11652519596864502,-0.0023140625,0.0022832167832167833,36190.48
8.429897785186768,1785,0.119481522956327,-0.0023140625,0.0022832167832167833,33333.33
8.449464321136475,1787,0.119481522956327,-0.0023140625,0.0022832167832167833,34761.91
8.47477126121521,1789,0.119481522956327,-0.0023140625,0.002298251748251748,33809.52
8.495285034179688,1791,0.119481522956327,-0.002325390625,0.002298251748251748,35714.29
8.515762090682983,1793,0.12248264277715566,-0.002325390625,0.002298251748251748,33809.52
8.540162563323975,1795,0.12248264277715566,-0.002325390625,0.002298251748251748,36190.48
8.560794591903687,1797,0.12248264277715566,-0.002325390625,0.0023150349650349652,35714.29
8.58506155014038,1799,0.12248264277715566,-0.002337109375,0.0023150349650349652,35714.29
8.605621576309204,1801,0.12248264277715566,-0.002337109375,0.0023150349650349652,34761.91
8.62605094909668,1803,0.125494960806271,-0.002337109375,0.0023150349650349652,36190.48
8.650670051574707,1805,0.125494960806271,-0.002337109375,0.002330769230769231,34285.71
8.671163558959961,1807,0.125494960806271,-0.00234921875,0.002330769230769231,35714.29
8.69144606590271,1809,0.125494960806271,-0.00234921875,0.002330769230769231,32380.95
8.716062545776367,1811,0.12851847704367303,-0.00234921875,0.002330769230769231,36190.48
8.736341953277588,1813,0.12851847704367303,-0.00234921875,0.002345104895104895,35714.29
8.761733293533325,1816,0.12851847704367303,-0.00236171875,0.002345104895104895,35238.09
8.781448125839233,1817,0.12851847704367303,-0.00236171875,0.002345104895104895,32380.95
8.801735162734985,1819,0.12851847704367303,-0.00236171875,0.002345104895104895,36190.48
8.827106952667236,1822,0.13163157894736843,-0.00236171875,0.002360839160839161,33809.52
8.84763216972351,1824,0.13163157894736843,-0.002374609375,0.002360839160839161,35714.29
8.868098974227905,1826,0.13163157894736843,-0.002374609375,0.002360839160839161,35238.09
8.89249849319458,1828,0.13163157894736843,-0.002374609375,0.002360839160839161,36190.48
8.912996768951416,1830,0.13476707726763718,-0.002374609375,0.002360839160839161,34285.71
8.937394857406616,1832,0.13476707726763718,-0.0023859375,0.0023772727272727274,36190.48
8.957889318466187,1834,0.13476707726763718,-0.0023859375,0.0023772727272727274,35714.29
8.97838568687439,1836,0.13476707726763718,-0.0023859375,0.0023772727272727274,36190.48
9.002786874771118,1838,0.13476707726763718,-0.0023859375,0.0023772727272727274,37142.86
9.023350238800049,1840,0.13789137737961926,-0.002397265625,0.002395104895104895,39047.62
9.04768681526184,1842,0.13789137737961926,-0.002397265625,0.002395104895104895,42857.14
9.068198442459106,1844,0.13789137737961926,-0.002397265625,0.002395104895104895,33809.52
9.088742971420288,1846,0.13789137737961926,-0.002397265625,0.002395104895104895,37142.86
9.113079071044922,1848,0.14097088465845464,-0.0024078125,0.002412937062937063,35714.29
9.133645057678223,1850,0.14097088465845464,-0.0024078125,0.002412937062937063,37619.05
9.15409255027771,1852,0.14097088465845464,-0.0024078125,0.002412937062937063,35714.29
9.178498268127441,1854,0.14097088465845464,-0.0024078125,0.002412937062937063,36666.67
9.198990821838379,1856,0.14097088465845464,-0.002419921875,0.0024307692307692307,35238.09
9.224339485168457,1859,0.14399440089585666,-0.002419921875,0.0024307692307692307,40476.19
9.244837045669556,1861,0.14399440089585666,-0.002419921875,0.0024307692307692307,35238.09
9.265357494354248,1863,0.14399440089585666,-0.002419921875,0.0024307692307692307,37142.86
9.28973126411438,1865,0.14399440089585666,-0.002432421875,0.0024475524475524478,36190.48
9.310226678848267,1867,0.14696192609182532,-0.002432421875,0.0024475524475524478,38571.43
9.330722570419312,1869,0.14696192609182532,-0.002432421875,0.0024475524475524478,35238.09
9.355128288269043,1871,0.14696192609182532,-0.002432421875,0.0024475524475524478,36666.67
9.375778675079346,1873,0.14696192609182532,-0.002446484375,0.002461188811188811,36190.48
9.400238037109375,1875,0.14696192609182532,-0.002446484375,0.002461188811188811,39523.81
9.42054557800293,1877,0.14997424412094065,-0.002446484375,0.002461188811188811,37142.86
9.441083192825317,1879,0.14997424412094065,-0.002446484375,0.002461188811188811,37619.05
9.465414762496948,1881,0.14997424412094065,-0.002461328125,0.002461188811188811,35714.29
9.485937595367432,1883,0.14997424412094065,-0.002461328125,0.0024751748251748253,38095.24
9.506433486938477,1885,0.15304255319148938,-0.002461328125,0.0024751748251748253,37142.86
9.530882835388184,1887,0.15304255319148938,-0.002461328125,0.0024751748251748253,38571.43
9.551299333572388,1889,0.15304255319148938,-0.002473828125,0.0024751748251748253,37619.05
9.575768232345581,1891,0.15304255319148938,-0.002473828125,0.002489160839160839,38571.43
9.597189664840698,1893,0.15304255319148938,-0.002473828125,0.002489160839160839,36666.67
9.616759538650513,1895,0.1560660694288914,-0.002473828125,0.002489160839160839,38571.43
9.642066717147827,1898,0.1560660694288914,-0.002487109375,0.002489160839160839,37142.86
9.662586450576782,1900,0.1560660694288914,-0.002487109375,0.0025024475524475526,37727.27
9.687088012695312,1902,0.1560660694288914,-0.002487109375,0.0025024475524475526,41904.77
9.707458972930908,1904,0.1590447928331467,-0.002487109375,0.0025024475524475526,36666.67
9.728088855743408,1906,0.1590447928331467,-0.00249921875,0.0025024475524475526,39047.62
9.752565860748291,1908,0.1590447928331467,-0.00249921875,0.0025157342657342657,36190.48
9.772915601730347,1910,0.1590447928331467,-0.00249921875,0.0025157342657342657,40476.19
9.793410539627075,1912,0.1590447928331467,-0.00249921875,0.0025157342657342657,36666.67
9.817779541015625,1914,0.16200111982082868,-0.0025109375,0.0025157342657342657,40000.0
9.838246822357178,1916,0.16200111982082868,-0.0025109375,0.0025293706293706294,39523.81
9.862647533416748,1918,0.16200111982082868,-0.0025109375,0.0025293706293706294,38571.43
9.883201837539673,1920,0.16200111982082868,-0.0025109375,0.0025293706293706294,37142.86
9.903856754302979,1922,0.16491265397536395,-0.002522265625,0.0025293706293706294,39047.62
9.928107976913452,1924,0.16491265397536395,-0.002522265625,0.002543006993006993,37142.86
9.948599576950073,1926,0.16491265397536395,-0.002522265625,0.002543006993006993,39047.62
9.969254970550537,1928,0.16491265397536395,-0.002522265625,0.002543006993006993,36666.67
9.994404077529907,1930,0.16491265397536395,-0.002533203125,0.002543006993006993,39523.81
10.014899015426636,1932,0.16781298992161256,-0.002533203125,0.002543006993006993,37619.05
10.039299249649048,1935,0.16781298992161256,-0.002533203125,0.0025573426573426575,41428.57
10.059794902801514,1937,0.16781298992161256,-0.002533203125,0.0025573426573426575,38095.24
10.080290794372559,1938,0.16781298992161256,-0.002543359375,0.0025573426573426575,39523.81
10.104909896850586,1941,0.17072452407614783,-0.002543359375,0.0025573426573426575,39047.62
10.125293493270874,1943,0.17072452407614783,-0.002543359375,0.0025706293706293706,40000.0
10.14574933052063,1945,0.17072452407614783,-0.002543359375,0.0025706293706293706,38571.43
10.170152425765991,1947,0.17072452407614783,-0.002554296875,0.0025706293706293706,40476.19
10.19064211845398,1949,0.17072452407614783,-0.002554296875,0.0025706293706293706,37142.86
10.215051174163818,1951,0.17360246360582307,-0.002554296875,0.0025842657342657342,40952.38
10.235474824905396,1953,0.17360246360582307,-0.002554296875,0.0025842657342657342,37619.05
10.256192445755005,1955,0.17360246360582307,-0.002565234375,0.0025842657342657342,40476.19
10.280370950698853,1957,0.17360246360582307,-0.002565234375,0.0025842657342657342,38095.24
10.300939559936523,1959,0.1764132138857783,-0.002565234375,0.002596853146853147,39523.81
10.32624340057373,1961,0.1764132138857783,-0.002565234375,0.002596853146853147,41428.57
10.346771240234375,1963,0.1764132138857783,-0.002574609375,0.002596853146853147,36666.67
10.367254257202148,1965,0.1764132138857783,-0.002574609375,0.002596853146853147,39047.62
10.39165472984314,1967,0.1764132138857783,-0.002574609375,0.00260979020979021,38571.43
10.412176370620728,1969,0.1791007838745801,-0.002574609375,0.00260979020979021,40952.38
10.432627201080322,1971,0.1791007838745801,-0.002586328125,0.00260979020979021,38095.24
10.457194328308105,1974,0.1791007838745801,-0.002586328125,0.00260979020979021,40952.38
10.477691650390625,1975,0.1791007838745801,-0.002586328125,0.00260979020979021,39523.81
10.502090692520142,1978,0.1816427771556551,-0.002586328125,0.0026213286713286715,41428.57
10.522587060928345,1980,0.1816427771556551,-0.002599609375,0.0026213286713286715,38095.24
10.54308271408081,1982,0.1816427771556551,-0.002599609375,0.0026213286713286715,41428.57
10.567705392837524,1984,0.1816427771556551,-0.002599609375,0.0026213286713286715,39523.81
10.588103771209717,1986,0.1816427771556551,-0.002599609375,0.0026318181818181818,41428.57
10.608542442321777,1988,0.1841959686450168,-0.0026125,0.0026318181818181818,40000.0
10.633086681365967,1990,0.1841959686450168,-0.0026125,0.0026318181818181818,41428.57
10.65343976020813,1992,0.1841959686450168,-0.0026125,0.0026318181818181818,39047.62
10.677774667739868,1994,0.1841959686450168,-0.0026125,0.002643006993006993,41428.57
10.698487043380737,1996,0.18673796192609182,-0.00262578125,0.002643006993006993,39047.62
10.718984127044678,1998,0.18673796192609182,-0.00262578125,0.002643006993006993,41428.57
10.743221759796143,2000,0.18673796192609182,-0.00262578125,0.002643006993006993,39047.62
10.763732194900513,1998,0.18673796192609182,-0.00262578125,0.0026534965034965036,42857.14
10.784369468688965,1996,0.18673796192609182,-0.0026375,0.0026534965034965036,39523.81
10.808624029159546,1994,0.1893135498320269,-0.0026375,0.0026534965034965036,43809.52
10.830028295516968,1992,0.1893135498320269,-0.0026375,0.0026534965034965036,39523.81
10.854427099227905,1989,0.1893135498320269,-0.0026375,0.002663986013986014,42380.95
10.874923944473267,1988,0.1893135498320269,-0.00264921875,0.002663986013986014,40000.0
10.895418643951416,1986,0.19184434490481525,-0.00264921875,0.002663986013986014,42857.14
10.91985535621643,1983,0.19184434490481525,-0.00264921875,0.002663986013986014,40000.0
10.940315246582031,1981,0.19184434490481525,-0.00264921875,0.002674125874125874,41428.57
10.96081256866455,1980,0.19184434490481525,-0.002658203125,0.002674125874125874,38571.43
10.985229730606079,1977,0.19184434490481525,-0.002658203125,0.002674125874125874,40000.0
11.00577425956726,1975,0.19422956326987684,-0.002658203125,0.002674125874125874,41904.77
11.030288219451904,1973,0.19422956326987684,-0.002658203125,0.002674125874125874,37619.05
11.050608158111572,1971,0.19422956326987684,-0.002666015625,0.002683916083916084,41904.77
11.071163415908813,1969,0.19422956326987684,-0.002666015625,0.002683916083916084,38095.24
11.095530271530151,1967,0.19643561030235163,-0.002666015625,0.002683916083916084,40476.19
11.116069555282593,1965,0.19643561030235163,-0.002666015625,0.002683916083916084,38095.24
11.140466928482056,1963,0.19643561030235163,-0.002671875,0.002693706293706294,39523.81
11.160947561264038,1961,0.19643561030235163,-0.002671875,0.002693706293706294,37619.05
11.181391716003418,1959,0.19643561030235163,-0.002671875,0.002693706293706294,40476.19
11.206763505935669,1957,0.1982609182530795,-0.002671875,0.002693706293706294,39047.62
11.227259874343872,1955,0.1982609182530795,-0.00267890625,0.0027003496503496503,40952.38
11.247774124145508,1953,0.1982609182530795,-0.00267890625,0.0027003496503496503,38571.43
11.272154808044434,1951,0.1982609182530795,-0.00267890625,0.0027003496503496503,40476.19
11.292651176452637,1949,0.19960470324748042,-0.00267890625,0.0027003496503496503,37142.86
11.317051410675049,1946,0.19960470324748042,-0.002684765625,0.0027034965034965033,41428.57
11.337611436843872,1944,0.19960470324748042,-0.002684765625,0.0027034965034965033,39523.81
11.358043193817139,1943,0.19960470324748042,-0.002684765625,0.0027034965034965033,39047.62
11.382463693618774,1940,0.19960470324748042,-0.002684765625,0.0027034965034965033,38095.24
11.403007745742798,1938,0.20060134378499442,-0.00269140625,0.002703846153846154,40476.19
11.42344045639038,1936,0.20060134378499442,-0.00269140625,0.002703846153846154,38095.24
11.448057651519775,1934,0.20060134378499442,-0.00269140625,0.002703846153846154,40952.38
11.46840214729309,1932,0.20060134378499442,-0.00269140625,0.002703846153846154,36666.67
11.492953300476074,1930,0.20145240761478164,-0.00269453125,0.002704195804195804,40952.38
11.513231754302979,1928,0.20145240761478164,-0.00269453125,0.002704195804195804,37619.05
11.533944368362427,1926,0.20145240761478164,-0.00269453125,0.002704195804195804,39523.81
11.559118032455444,1924,0.20145240761478164,-0.00269453125,0.002704195804195804,36666.67
11.578622817993164,1922,0.20145240761478164,-0.0026953125,0.002704195804195804,38571.43
11.600111961364746,1920,0.2020795072788354,-0.0026953125,0.0027034965034965033,37619.05
11.624524354934692,1918,0.2020795072788354,-0.0026953125,0.0027034965034965033,37619.05
11.644987106323242,1916,0.2020795072788354,-0.0026953125,0.0027034965034965033,36666.67
11.669389247894287,1914,0.2020795072788354,-0.0026953125,0.0027034965034965033,38571.43
11.689977407455444,1912,0.20230347144456887,-0.0026953125,0.002701748251748252,40476.19
11.710480451583862,1910,0.20230347144456887,-0.0026953125,0.002701748251748252,35714.29
11.734843015670776,1907,0.20230347144456887,-0.0026953125,0.002701748251748252,38095.24
11.75527572631836,1906,0.20230347144456887,-0.002694921875,0.002701748251748252,37142.86
11.779747486114502,1903,0.20230347144456887,-0.002694921875,0.0027003496503496503,37619.05
11.80017614364624,1901,0.20230347144456887,-0.002694921875,0.0027003496503496503,36666.67
11.820693731307983,1899,0.20230347144456887,-0.002694921875,0.0027003496503496503,39047.62
11.845086574554443,1897,0.20230347144456887,-0.002693359375,0.0027003496503496503,36666.67
11.865584135055542,1895,0.20230347144456887,-0.002693359375,0.0026982517482517484,40476.19
11.886126279830933,1893,0.20202351623740203,-0.002693359375,0.0026982517482517484,35714.29
11.910524606704712,1891,0.20202351623740203,-0.002693359375,0.0026982517482517484,39047.62
11.931020736694336,1889,0.20202351623740203,-0.002688671875,0.0026982517482517484,36666.67
11.956331491470337,1887,0.20202351623740203,-0.002688671875,0.002692657342657343,39523.81
11.976828575134277,1885,0.20202351623740203,-0.002688671875,0.002692657342657343,37142.86
11.997343063354492,1883,0.20149720044792835,-0.002688671875,0.002692657342657343,37142.86
12.021723747253418,1881,0.20149720044792835,-0.00268125,0.002692657342657343,38571.43
12.042222261428833,1879,0.20149720044792835,-0.00268125,0.002692657342657343,37619.05
12.062790870666504,1877,0.20149720044792835,-0.00268125,0.002684965034965035,37142.86
12.08723521232605,1875,0.2006461366181411,-0.00268125,0.002684965034965035,37619.05
12.107678890228271,1873,0.2006461366181411,-0.002671875,0.002684965034965035,36666.67
12.132232427597046,1870,0.2006461366181411,-0.002671875,0.002684965034965035,39047.62
12.152570247650146,1869,0.2006461366181411,-0.002671875,0.0026765734265734266,36666.67
12.17300820350647,1867,0.2006461366181411,-0.002671875,0.0026765734265734266,38571.43
12.197613000869751,1864,0.19945912653975365,-0.00266015625,0.0026765734265734266,35714.29
12.2179274559021,1862,0.19945912653975365,-0.00266015625,0.0026765734265734266,37142.86
12.238396406173706,1861,0.19945912653975365,-0.00266015625,0.0026674825174825174,36190.48
12.262863397598267,1858,0.19945912653975365,-0.00266015625,0.0026674825174825174,37619.05
12.283509492874146,1856,0.19792497200447928,-0.002647265625,0.0026674825174825174,37142.86
12.307696342468262,1854,0.19792497200447928,-0.002647265625,0.0026674825174825174,37619.05
12.329164028167725,1852,0.19792497200447928,-0.002647265625,0.0026562937062937064,36190.48
12.348752737045288,1850,0.19792497200447928,-0.002647265625,0.0026562937062937064,35909.09
12.374059677124023,1848,0.19792497200447928,-0.002630859375,0.0026562937062937064,38571.43
12.394574403762817,1846,0.19603247480403135,-0.002630859375,0.0026562937062937064,36666.67
12.41903281211853,1844,0.19603247480403135,-0.002630859375,0.0026451048951048953,36666.67
12.439452409744263,1842,0.19603247480403135,-0.002630859375,0.0026451048951048953,35238.09
12.459948301315308,1840,0.19603247480403135,-0.002615234375,0.0026451048951048953,37619.05
12.484347820281982,1838,0.19383762597984322,-0.002615234375,0.0026451048951048953,35238.09
12.50484323501587,1836,0.19383762597984322,-0.002615234375,0.0026346153846153846,37142.86
12.52534008026123,1834,0.19383762597984322,-0.002615234375,0.0026346153846153846,35238.09
12.549744367599487,1832,0.19383762597984322,-0.002599609375,0.0026346153846153846,36666.67
12.570300102233887,1830,0.19383762597984322,-0.002599609375,0.0026346153846153846,35238.09
12.594706535339355,1827,0.19146360582306832,-0.002599609375,0.0026346153846153846,36666.67
12.615135669708252,1825,0.19146360582306832,-0.002599609375,0.0026223776223776225,36666.67
12.635846138000488,1824,0.19146360582306832,-0.002583984375,0.0026223776223776225,37142.86
12.661026954650879,1821,0.19146360582306832,-0.002583984375,0.0026223776223776225,34761.91
12.680527687072754,1819,0.18889921612541993,-0.002583984375,0.0026223776223776225,36190.48
12.701052188873291,1817,0.18889921612541993,-0.002583984375,0.0026094405594405596,34761.91
12.725447654724121,1815,0.18889921612541993,-0.002569140625,0.0026094405594405596,36666.67
12.746893405914307,1813,0.18889921612541993,-0.002569140625,0.0026094405594405596,33809.52
12.771291017532349,1811,0.18889921612541993,-0.002569140625,0.0026094405594405596,35714.29
12.791788339614868,1809,0.18604367301231803,-0.002569140625,0.002597202797202797,36190.48
12.812284708023071,1807,0.18604367301231803,-0.002553125,0.002597202797202797,35238.09
12.836896657943726,1805,0.18604367301231803,-0.002553125,0.002597202797202797,34761.91
12.857179641723633,1803,0.18604367301231803,-0.002553125,0.002597202797202797,36190.48
12.877676010131836,1801,0.18308734602463606,-0.002535546875,0.002586013986013986,36190.48
12.902295589447021,1799,0.18308734602463606,-0.002535546875,0.002586013986013986,34761.91
12.922637224197388,1797,0.18308734602463606,-0.002535546875,0.002586013986013986,32857.14
12.946971654891968,1795,0.18308734602463606,-0.002535546875,0.002586013986013986,36666.67
12.967536687850952,1793,0.18308734602463606,-0.002521875,0.002574125874125874,36190.48
12.988032102584839,1791,0.18033258678611422,-0.002521875,0.002574125874125874,36190.48
13.01243543624878,1788,0.18033258678611422,-0.002521875,0.002574125874125874,35238.09
13.032891273498535,1787,0.18033258678611422,-0.002521875,0.002574125874125874,33809.52
13.058237075805664,1784,0.18033258678611422,-0.002507421875,0.0025611888111888113,35238.09
13.077822208404541,1782,0.17767861142217245,-0.002507421875,0.0025611888111888113,34285.71
13.098318338394165,1780,0.17767861142217245,-0.002507421875,0.0025611888111888113,36666.67
13.12363076210022,1778,0.17767861142217245,-0.002507421875,0.0025611888111888113,32857.14
13.144123792648315,1776,0.17767861142217245,-0.00249296875,0.0025611888111888113,33809.52
13.164638757705688,1774,0.17767861142217245,-0.00249296875,0.002545104895104895,33809.52
13.18906569480896,1772,0.1748902575587906,-0.00249296875,0.002545104895104895,36190.48
13.209635257720947,1770,0.1748902575587906,-0.00249296875,0.002545104895104895,32380.95
13.23391580581665,1768,0.1748902575587906,-0.002479296875,0.002545104895104895,34761.91
13.254411935806274,1766,0.1748902575587906,-0.002479296875,0.0025279720279720278,35238.09
13.274935960769653,1764,0.17188913773796194,-0.002479296875,0.0025279720279720278,36666.67
13.299311876296997,1762,0.17188913773796194,-0.002479296875,0.0025279720279720278,33333.33
13.320026159286499,1760,0.17188913773796194,-0.002466796875,0.0025279720279720278,33809.52
13.340319633483887,1758,0.17188913773796194,-0.002466796875,0.00251013986013986,34285.71
13.36470365524292,1756,0.17188913773796194,-0.002466796875,0.00251013986013986,35238.09
13.385410785675049,1754,0.16891041433370663,-0.002466796875,0.00251013986013986,32380.95
13.40962266921997,1751,0.16891041433370663,-0.0024546875,0.00251013986013986,36190.48
13.431095361709595,1749,0.16891041433370663,-0.0024546875,0.002492307692307692,33333.33
13.450806617736816,1748,0.16891041433370663,-0.0024546875,0.002492307692307692,34285.71
13.475021123886108,1745,0.16611086226203808,-0.0024546875,0.002492307692307692,31428.57
13.496479749679565,1743,0.16611086226203808,-0.002443359375,0.002492307692307692,34285.71
13.515985488891602,1742,0.16611086226203808,-0.002443359375,0.0024755244755244755,32380.95
13.541374683380127,1739,0.16611086226203808,-0.002443359375,0.0024755244755244755,33333.33
13.561870098114014,1737,0.16611086226203808,-0.002443359375,0.0024755244755244755,31428.57
13.586253643035889,1735,0.1633337066069429,-0.002430859375,0.0024755244755244755,34285.71
13.606748342514038,1733,0.1633337066069429,-0.002430859375,0.0024755244755244755,30476.19
13.627317428588867,1731,0.1633337066069429,-0.002430859375,0.00246013986013986,35238.09
13.651708126068115,1729,0.1633337066069429,-0.002430859375,0.00246013986013986,31428.57
13.672194480895996,1727,0.16062374020156775,-0.0024171875,0.00246013986013986,33809.52
13.696753978729248,1725,0.16062374020156775,-0.0024171875,0.00246013986013986,33333.33
13.7171049118042,1723,0.16062374020156775,-0.0024171875,0.0024447552447552446,32380.95
13.737600803375244,1721,0.16062374020156775,-0.0024171875,0.0024447552447552446,34285.71
13.76200532913208,1719,0.16062374020156775,-0.00240625,0.0024447552447552446,32380.95
13.78242826461792,1717,0.15796976483762598,-0.00240625,0.0024447552447552446,33809.52
13.803931713104248,1715,0.15796976483762598,-0.00240625,0.0024286713286713287,31904.76
13.827552318572998,1713,0.15796976483762598,-0.00240625,0.0024286713286713287,32380.95
13.847889423370361,1711,0.15796976483762598,-0.00239609375,0.0024286713286713287,31428.57
13.8732168674469,1708,0.15530459126539756,-0.00239609375,0.0024286713286713287,34285.71
13.893692255020142,1706,0.15530459126539756,-0.00239609375,0.0024115384615384615,32380.95
13.914219617843628,1705,0.15530459126539756,-0.00239609375,0.0024115384615384615,30952.38
13.938682317733765,1702,0.15530459126539756,-0.0023875,0.0024115384615384615,31428.57
13.959109783172607,1700,0.15530459126539756,-0.0023875,0.0024115384615384615,33333.33
13.979580163955688,1698,0.15267301231802913,-0.0023875,0.0023944055944055942,32857.14
14.003979444503784,1696,0.15267301231802913,-0.0023875,0.0023944055944055942,32857.14
14.024698257446289,1694,0.15267301231802913,-0.00237890625,0.0023944055944055942,31904.76
14.048879623413086,1692,0.15267301231802913,-0.00237890625,0.0023944055944055942,30952.38
14.06943655014038,1690,0.15003023516237401,-0.00237890625,0.0023755244755244757,32380.95
14.090089321136475,1688,0.15003023516237401,-0.00237890625,0.0023755244755244757,30952.38
14.114341020584106,1686,0.15003023516237401,-0.00236953125,0.0023755244755244757,30000.0
14.13483452796936,1684,0.15003023516237401,-0.00236953125,0.0023755244755244757,31428.57
14.155261278152466,1682,0.15003023516237401,-0.00236953125,0.0023755244755244757,29523.81
14.179872035980225,1680,0.14733146696528557,-0.00236953125,0.0023580419580419582,33333.33
14.200369596481323,1678,0.14733146696528557,-0.002359765625,0.0023580419580419582,30000.0
14.22555923461914,1675,0.14733146696528557,-0.002359765625,0.0023580419580419582,31428.57
14.245272159576416,1674,0.14733146696528557,-0.002359765625,0.0023580419580419582,32380.95
14.265548944473267,1672,0.14457670772676373,-0.002359765625,0.002342307692307692,33333.33
14.290927410125732,1669,0.14457670772676373,-0.00235,0.002342307692307692,30952.38
14.311444520950317,1667,0.14457670772676373,-0.00235,0.002342307692307692,31904.76
14.331916570663452,1666,0.14457670772676373,-0.00235,0.002342307692307692,29047.62
14.356445550918579,1663,0.14457670772676373,-0.00235,0.0023265734265734265,32857.14
14.37681245803833,1661,0.14178835386338187,-0.002340625,0.0023265734265734265,32857.14
14.401378631591797,1659,0.14178835386338187,-0.002340625,0.0023265734265734265,30476.19
14.421773672103882,1657,0.14178835386338187,-0.002340625,0.0023265734265734265,31428.57
14.442205429077148,1655,0.14178835386338187,-0.002340625,0.0023104895104895107,33809.52
14.466822147369385,1653,0.13898880179171333,-0.002330078125,0.0023104895104895107,34761.91
14.48710036277771,1651,0.13898880179171333,-0.002330078125,0.0023104895104895107,29523.81
14.511500597000122,1649,0.13898880179171333,-0.002330078125,0.0023104895104895107,31428.57
14.532066822052002,1647,0.13898880179171333,-0.002330078125,0.0022947552447552446,28571.43
14.552496433258057,1645,0.13599888017917133,-0.00232109375,0.0022947552447552446,31428.57
14.577104330062866,1643,0.13599888017917133,-0.00232109375,0.0022947552447552446,29047.62
14.59745740890503,1641,0.13599888017917133,-0.00232109375,0.0022947552447552446,30476.19
14.617888689041138,1639,0.13599888017917133,-0.00232109375,0.0022947552447552446,29523.81
14.643280029296875,1637,0.13599888017917133,-0.002312109375,0.0022797202797202798,30476.19
14.663756847381592,1635,0.13291937290033595,-0.002312109375,0.0022797202797202798,28571.43
14.68817687034607,1632,0.13291937290033595,-0.002312109375,0.0022797202797202798,31428.57
14.708684206008911,1630,0.13291937290033595,-0.002312109375,0.0022797202797202798,28571.43
14.729149341583252,1629,0.13291937290033595,-0.002303125,0.0022646853146853145,30952.38
14.753616094589233,1626,0.13291937290033595,-0.002303125,0.0022646853146853145,30000.0
14.774156332015991,1624,0.1298734602463606,-0.002303125,0.0022646853146853145,30952.38
14.79457712173462,1622,0.1298734602463606,-0.002303125,0.0022646853146853145,28571.43
14.818968057632446,1620,0.1298734602463606,-0.002293359375,0.0022510489510489512,35238.09
14.839662313461304,1618,0.1298734602463606,-0.002293359375,0.0022510489510489512,28095.24
14.863908767700195,1616,0.12682754759238524,-0.002293359375,0.0022510489510489512,29523.81
14.88433289527893,1614,0.12682754759238524,-0.002293359375,0.0022510489510489512,28571.43
14.90489912033081,1612,0.12682754759238524,-0.002283203125,0.0022374125874125876,29523.81
14.929445028305054,1610,0.12682754759238524,-0.002283203125,0.0022374125874125876,29047.62
14.94975233078003,1608,0.12365845464725644,-0.002283203125,0.0022374125874125876,30000.0
14.970431089401245,1606,0.12365845464725644,-0.002283203125,0.0022374125874125876,27619.05
14.995597839355469,1604,0.12365845464725644,-0.002273046875,0.002224125874125874,30952.38
15.015121698379517,1602,0.12365845464725644,-0.002273046875,0.002224125874125874,29523.81
15.04051947593689,1600,0.12365845464725644,-0.002273046875,0.002224125874125874,28181.82
15.061007499694824,1598,0.12027659574468086,-0.002273046875,0.002224125874125874,29047.62
15.081504106521606,1596,0.12027659574468086,-0.0022609375,0.002210839160839161,28095.24
15.105886220932007,1593,0.12027659574468086,-0.0022609375,0.002210839160839161,29523.81
15.126492261886597,1592,0.12027659574468086,-0.0022609375,0.002210839160839161,32857.14
15.150781154632568,1589,0.1169283314669653,-0.0022609375,0.002210839160839161,27619.05
15.171276569366455,1587,0.1169283314669653,-0.002251171875,0.002210839160839161,27619.05
15.191781520843506,1585,0.1169283314669653,-0.002251171875,0.0021968531468531467,30476.19
15.216176748275757,1583,0.1169283314669653,-0.002251171875,0.0021968531468531467,27619.05
15.23673939704895,1581,0.1169283314669653,-0.002251171875,0.0021968531468531467,29523.81
15.25722050666809,1579,0.11365845464725645,-0.00224140625,0.0021968531468531467,28571.43
15.28178334236145,1577,0.11365845464725645,-0.00224140625,0.002183916083916084,28571.43
15.30206561088562,1575,0.11365845464725645,-0.00224140625,0.002183916083916084,28095.24
15.326461553573608,1573,0.11365845464725645,-0.00224140625,0.002183916083916084,30000.0
15.347177743911743,1571,0.11053415453527436,-0.00223125,0.002183916083916084,27619.05
15.367456436157227,1569,0.11053415453527436,-0.00223125,0.0021695804195804194,28095.24
15.392848491668701,1567,0.11053415453527436,-0.00223125,0.0021695804195804194,27142.86
15.4133460521698,1565,0.11053415453527436,-0.00223125,0.0021695804195804194,27142.86
15.433852434158325,1563,0.11053415453527436,-0.00221953125,0.0021695804195804194,26190.48
15.458240270614624,1561,0.1074434490481523,-0.00221953125,0.0021538461538461538,27142.86
15.478716850280762,1559,0.1074434490481523,-0.00221953125,0.0021538461538461538,26190.48
15.503117084503174,1556,0.1074434490481523,-0.00221953125,0.0021538461538461538,28095.24
15.523613452911377,1555,0.1074434490481523,-0.002209375,0.0021538461538461538,25714.29
15.544109106063843,1553,0.10445352743561032,-0.002209375,0.002137062937062937,27142.86
15.568719863891602,1550,0.10445352743561032,-0.002209375,0.002137062937062937,26666.67
15.58922028541565,1548,0.10445352743561032,-0.002209375,0.002137062937062937,28571.43
15.609566450119019,1547,0.10445352743561032,-0.002196875,0.002137062937062937,26190.48
15.634116411209106,1544,0.10445352743561032,-0.002196875,0.0021213286713286715,26190.48
15.654399633407593,1542,0.10147480403135499,-0.002196875,0.0021213286713286715,26190.48
15.678797245025635,1540,0.10147480403135499,-0.002196875,0.0021213286713286715,26666.67
15.699365377426147,1538,0.10147480403135499,-0.002184765625,0.0021213286713286715,26666.67
15.720010042190552,1536,0.10147480403135499,-0.002184765625,0.0021213286713286715,26190.48
15.744256258010864,1534,0.09851847704367302,-0.002184765625,0.002108391608391608,28571.43
15.764753818511963,1532,0.09851847704367302,-0.002184765625,0.002108391608391608,26190.48
15.790061235427856,1530,0.09851847704367302,-0.002173046875,0.002108391608391608,25238.09
15.810557842254639,1528,0.09851847704367302,-0.002173046875,0.002108391608391608,24285.71
15.831053256988525,1526,0.09851847704367302,-0.002173046875,0.0020954545454545453,25714.29
15.85545301437378,1524,0.09562933930571109,-0.002173046875,0.0020954545454545453,26666.67
15.876058578491211,1522,0.09562933930571109,-0.00216015625,0.0020954545454545453,27142.86
15.896445989608765,1520,0.09562933930571109,-0.00216015625,0.0020954545454545453,24761.91
15.920910835266113,1518,0.09562933930571109,-0.00216015625,0.0020821678321678323,26666.67
15.941439390182495,1516,0.09290817469204928,-0.00216015625,0.0020821678321678323,23809.52
15.965739965438843,1513,0.09290817469204928,-0.002146484375,0.0020821678321678323,26666.67
15.986240863800049,1511,0.09290817469204928,-0.002146484375,0.0020821678321678323,24285.71
16.006945371627808,1510,0.09290817469204928,-0.002146484375,0.0020702797202797204,25714.29
16.031355381011963,1507,0.09290817469204928,-0.002146484375,0.0020702797202797204,24761.91
16.051633596420288,1505,0.09028779395296753,-0.002134765625,0.0020702797202797204,25714.29
16.072125673294067,1503,0.09028779395296753,-0.002134765625,0.0020702797202797204,24285.71
16.096744775772095,1501,0.09028779395296753,-0.002134765625,0.0020597902097902097,25238.09
16.11724328994751,1499,0.09028779395296753,-0.002134765625,0.0020597902097902097,24285.71
16.14241623878479,1497,0.08763381858902575,-0.00212265625,0.0020597902097902097,26190.48
16.162911891937256,1495,0.08763381858902575,-0.00212265625,0.0020597902097902097,25714.29
16.182413339614868,1493,0.08763381858902575,-0.00212265625,0.0020597902097902097,26190.48
16.207815408706665,1491,0.08763381858902575,-0.00212265625,0.0020496503496503496,24285.71
16.228286266326904,1489,0.08763381858902575,-0.00211171875,0.0020496503496503496,26190.48
16.2488055229187,1487,0.08487905935050392,-0.00211171875,0.0020496503496503496,23333.33
16.273220777511597,1485,0.08487905935050392,-0.00211171875,0.0020496503496503496,25714.29
16.293677806854248,1483,0.08487905935050392,-0.00211171875,0.00203986013986014,24285.71
16.31807827949524,1481,0.08487905935050392,-0.0021,0.00203986013986014,24285.71
16.338624477386475,1479,0.08209070548712206,-0.0021,0.00203986013986014,24761.91
16.359069347381592,1477,0.08209070548712206,-0.0021,0.00203986013986014,24285.71
16.38353991508484,1474,0.08209070548712206,-0.0021,0.0020293706293706294,24761.91
16.403966188430786,1473,0.08209070548712206,-0.00208984375,0.0020293706293706294,22857.14
16.428369760513306,1470,0.08209070548712206,-0.00208984375,0.0020293706293706294,24285.71
16.449079275131226,1468,0.07935834266517357,-0.00208984375,0.0020293706293706294,24761.91
16.469574213027954,1466,0.07935834266517357,-0.00208984375,0.0020171328671328673,24761.91
16.493972301483154,1464,0.07935834266517357,-0.002080859375,0.0020171328671328673,23333.33
16.514389991760254,1462,0.07935834266517357,-0.002080859375,0.0020171328671328673,23333.33
16.535033702850342,1460,0.07676035834266517,-0.002080859375,0.0020171328671328673,20952.38
16.56019926071167,1458,0.07676035834266517,-0.002080859375,0.002003146853146853,23333.33
16.580695390701294,1456,0.07676035834266517,-0.002073046875,0.002003146853146853,23809.52
16.60509419441223,1454,0.07676035834266517,-0.002073046875,0.002003146853146853,23809.52
16.625590562820435,1452,0.07676035834266517,-0.002073046875,0.002003146853146853,21428.57
16.6460862159729,1450,0.07453191489361702,-0.002073046875,0.001987762237762238,23333.33
16.670486450195312,1448,0.07453191489361702,-0.002063671875,0.001987762237762238,21904.76
16.69098210334778,1446,0.07453191489361702,-0.002063671875,0.001987762237762238,23809.52
16.71147894859314,1444,0.07453191489361702,-0.002063671875,0.001987762237762238,22380.95
16.735878705978394,1442,0.07235946248600224,-0.002063671875,0.001987762237762238,23333.33
16.756534576416016,1440,0.07235946248600224,-0.002051953125,0.001973076923076923,21428.57
16.780991315841675,1437,0.07235946248600224,-0.002051953125,0.001973076923076923,23809.52
16.80127215385437,1436,0.07235946248600224,-0.002051953125,0.001973076923076923,21428.57
16.82176685333252,1434,0.07235946248600224,-0.002051953125,0.001973076923076923,22380.95
16.846222400665283,1431,0.07017581187010079,-0.002040234375,0.001960839160839161,22857.14
16.866965293884277,1429,0.07017581187010079,-0.002040234375,0.001960839160839161,20952.38
16.887213230133057,1428,0.07017581187010079,-0.002040234375,0.001960839160839161,21428.57
16.911781311035156,1425,0.07017581187010079,-0.002040234375,0.001960839160839161,21904.76
16.932273149490356,1423,0.06782418812989921,-0.00202890625,0.001947902097902098,22380.95
16.957430601119995,1421,0.06782418812989921,-0.00202890625,0.001947902097902098,21904.76
16.977927446365356,1419,0.06782418812989921,-0.00202890625,0.001947902097902098,20476.19
16.998423099517822,1417,0.06782418812989921,-0.00202890625,0.001947902097902098,22380.95
17.02282404899597,1415,0.06782418812989921,-0.002019140625,0.0019367132867132866,21904.76
17.0433189868927,1413,0.06547256438969765,-0.002019140625,0.0019367132867132866,22380.95
17.067869186401367,1411,0.06547256438969765,-0.002019140625,0.0019367132867132866,22380.95
17.088214874267578,1409,0.06547256438969765,-0.002019140625,0.0019367132867132866,21904.76
17.108711004257202,1407,0.06547256438969765,-0.002009765625,0.001925874125874126,22380.95
17.13332462310791,1405,0.06302015677491601,-0.002009765625,0.001925874125874126,20000.0
17.153670072555542,1403,0.06302015677491601,-0.002009765625,0.001925874125874126,23333.33
17.17411470413208,1401,0.06302015677491601,-0.002009765625,0.001925874125874126,20476.19
17.198726177215576,1399,0.06302015677491601,-0.002000390625,0.0019143356643356643,21428.57
17.2192165851593,1397,0.06302015677491601,-0.002000390625,0.0019143356643356643,20000.0
17.2436203956604,1394,0.06059014557670772,-0.002000390625,0.0019143356643356643,21428.57
17.26410984992981,1392,0.06059014557670772,-0.002000390625,0.0019143356643356643,20952.38
17.284390211105347,1391,0.06059014557670772,-0.001990234375,0.0019143356643356643,21428.57
17.30878973007202,1388,0.06059014557670772,-0.001990234375,0.0019013986013986014,21428.57
17.329286098480225,1386,0.05809294512877939,-0.001990234375,0.0019013986013986014,20952.38
17.34978175163269,1384,0.05809294512877939,-0.001990234375,0.0019013986013986014,19523.81
17.375158071517944,1382,0.05809294512877939,-0.001980078125,0.0019013986013986014,20476.19
17.395654678344727,1380,0.05809294512877939,-0.001980078125,0.0018863636363636363,20476.19
17.420055389404297,1378,0.05809294512877939,-0.001980078125,0.0018863636363636363,20476.19
17.440553426742554,1376,0.05557334826427771,-0.001980078125,0.0018863636363636363,19047.62
17.46104669570923,1374,0.05557334826427771,-0.00197265625,0.0018863636363636363,20952.38
17.4854474067688,1372,0.05557334826427771,-0.00197265625,0.0018702797202797203,19523.81
17.505943298339844,1370,0.05557334826427771,-0.00197265625,0.0018702797202797203,20476.19
17.526439905166626,1368,0.053053751399776035,-0.00197265625,0.0018702797202797203,20476.19
17.550838947296143,1366,0.053053751399776035,-0.00196484375,0.0018702797202797203,20476.19
17.571617603302002,1364,0.053053751399776035,-0.00196484375,0.0018545454545454546,18571.43
17.595738649368286,1362,0.053053751399776035,-0.00196484375,0.0018545454545454546,18571.43
17.616454124450684,1360,0.053053751399776035,-0.0019546875,0.0018545454545454546,19047.62
17.63679575920105,1358,0.05063493840985442,-0.0019546875,0.0018545454545454546,20000.0
17.661181449890137,1355,0.05063493840985442,-0.0019546875,0.0018391608391608392,18571.43
17.681626558303833,1354,0.05063493840985442,-0.0019546875,0.0018391608391608392,20952.38
17.702335834503174,1352,0.05063493840985442,-0.00194296875,0.0018391608391608392,20000.0
17.727516889572144,1349,0.048339305711086224,-0.00194296875,0.0018391608391608392,19090.91
17.748011112213135,1347,0.048339305711086224,-0.00194296875,0.0018391608391608392,19523.81
17.772391080856323,1345,0.048339305711086224,-0.00194296875,0.0018244755244755245,17142.86
17.792908191680908,1343,0.048339305711086224,-0.0019328125,0.0018244755244755245,19047.62
17.813405513763428,1341,0.048339305711086224,-0.0019328125,0.0018244755244755245,20000.0
17.837783098220825,1339,0.04616685330347144,-0.0019328125,0.0018244755244755245,19047.62
17.858380794525146,1337,0.04616685330347144,-0.0019328125,0.0018108391608391609,18095.24
17.882747650146484,1335,0.04616685330347144,-0.00192265625,0.0018108391608391609,19523.81
17.903207302093506,1333,0.04616685330347144,-0.00192265625,0.0018108391608391609,18095.24
17.923675537109375,1331,0.04397200447928331,-0.00192265625,0.0018108391608391609,17619.05
17.948290586471558,1329,0.04397200447928331,-0.00192265625,0.0017993006993006994,18095.24
17.968791007995605,1327,0.04397200447928331,-0.001912890625,0.0017993006993006994,19523.81
17.989134311676025,1325,0.04397200447928331,-0.001912890625,0.0017993006993006994,17142.86
18.01353144645691,1323,0.04397200447928331,-0.001912890625,0.0017993006993006994,18095.24
18.034183502197266,1321,0.04182194848824188,-0.001912890625,0.0017902097902097903,18095.24
18.059353828430176,1318,0.04182194848824188,-0.001903515625,0.0017902097902097903,19523.81
18.07885479927063,1317,0.04182194848824188,-0.001903515625,0.0017902097902097903,17142.86
18.099425792694092,1315,0.04182194848824188,-0.001903515625,0.0017902097902097903,17619.05
18.124727964401245,1312,0.03973908174692049,-0.001903515625,0.0017821678321678321,16190.48
18.14522433280945,1310,0.03973908174692049,-0.00189609375,0.0017821678321678321,18095.24
18.165719270706177,1308,0.03973908174692049,-0.00189609375,0.0017821678321678321,17619.05
18.190223455429077,1306,0.03973908174692049,-0.00189609375,0.0017821678321678321,18095.24
18.210615396499634,1304,0.03973908174692049,-0.00189609375,0.0017741258741258742,16190.48
18.235015392303467,1302,0.03760022396416573,-0.001887890625,0.0017741258741258742,18571.43
18.255574703216553,1300,0.03760022396416573,-0.001887890625,0.0017741258741258742,16190.48
18.27612280845642,1298,0.03760022396416573,-0.001887890625,0.0017741258741258742,16190.48
18.300477027893066,1296,0.03760022396416573,-0.001887890625,0.0017741258741258742,15238.1
18.320958614349365,1294,0.0354501679731243,-0.00188046875,0.001766083916083916,17142.86
18.341615438461304,1292,0.0354501679731243,-0.00188046875,0.001766083916083916,17619.05
18.365867376327515,1290,0.0354501679731243,-0.00188046875,0.001766083916083916,17142.86
18.38636541366577,1288,0.0354501679731243,-0.00188046875,0.001766083916083916,17619.05
18.410914659500122,1286,0.0354501679731243,-0.001873046875,0.001758041958041958,15714.29
18.43141007423401,1284,0.03334490481522956,-0.001873046875,0.001758041958041958,17619.05
18.451913356781006,1282,0.03334490481522956,-0.001873046875,0.001758041958041958,15714.29
18.477065801620483,1279,0.03334490481522956,-0.001873046875,0.001758041958041958,17142.86
18.497560262680054,1278,0.03334490481522956,-0.00186640625,0.0017496503496503496,15714.29
18.52195978164673,1275,0.03126203807390817,-0.00186640625,0.0017496503496503496,17142.86
18.5424747467041,1273,0.03126203807390817,-0.00186640625,0.0017496503496503496,14761.9
18.562975645065308,1271,0.03126203807390817,-0.00186640625,0.0017496503496503496,16666.67
18.587351322174072,1269,0.03126203807390817,-0.001859375,0.001740909090909091,14761.9
18.60802936553955,1267,0.03126203807390817,-0.001859375,0.001740909090909091,17142.86
18.62834358215332,1265,0.029235162374020154,-0.001859375,0.001740909090909091,13809.52
18.652966737747192,1263,0.029235162374020154,-0.001859375,0.001740909090909091,15238.1
18.6732394695282,1261,0.029235162374020154,-0.001853515625,0.0017335664335664336,14761.9
18.69763970375061,1259,0.029235162374020154,-0.001853515625,0.0017335664335664336,16190.48
18.7181875705719,1257,0.027286674132138856,-0.001853515625,0.0017335664335664336,14285.71
18.73870301246643,1255,0.027286674132138856,-0.001853515625,0.0017335664335664336,14761.9
18.763099670410156,1253,0.027286674132138856,-0.00184765625,0.0017335664335664336,14761.9
18.783596754074097,1251,0.027286674132138856,-0.00184765625,0.0017269230769230768,14285.71
18.80409574508667,1249,0.027286674132138856,-0.00184765625,0.0017269230769230768,14761.9
18.82847285270691,1247,0.025394176931690927,-0.00184765625,0.0017269230769230768,14285.71
18.84913659095764,1245,0.025394176931690927,-0.001842578125,0.0017269230769230768,13809.52
18.87429642677307,1242,0.025394176931690927,-0.001842578125,0.0017195804195804195,14761.9
18.894811630249023,1241,0.025394176931690927,-0.001842578125,0.0017195804195804195,13333.33
18.915308713912964,1239,0.02353527435610302,-0.001842578125,0.0017195804195804195,14285.71
18.939687728881836,1236,0.02353527435610302,-0.001835546875,0.0017195804195804195,13333.33
18.960209608078003,1234,0.02353527435610302,-0.001835546875,0.0017115384615384616,13809.52
18.980679988861084,1233,0.02353527435610302,-0.001835546875,0.0017115384615384616,14285.71
19.005192279815674,1230,0.02353527435610302,-0.001835546875,0.0017115384615384616,14761.9
19.02562975883484,1228,0.021665173572228445,-0.00182734375,0.0017115384615384616,13809.52
19.050008058547974,1226,0.021665173572228445,-0.00182734375,0.0017048951048951049,13333.33
19.070685625076294,1224,0.021665173572228445,-0.00182734375,0.0017048951048951049,13809.52
19.09104347229004,1222,0.021665173572228445,-0.00182734375,0.0017048951048951049,12380.95
19.115371465682983,1220,0.019828667413213888,-0.00182109375,0.0017048951048951049,13333.33
19.136094093322754,1218,0.019828667413213888,-0.00182109375,0.0016975524475524475,13333.33
19.160334825515747,1216,0.019828667413213888,-0.00182109375,0.0016975524475524475,12380.95
19.180763483047485,1214,0.019828667413213888,-0.00182109375,0.0016975524475524475,11904.76
19.201472520828247,1212,0.019828667413213888,-0.001814453125,0.0016975524475524475,12857.14
19.226633071899414,1210,0.0180481522956327,-0.001814453125,0.0016888111888111888,12380.95
19.2471284866333,1208,0.0180481522956327,-0.001814453125,0.0016888111888111888,14285.71
19.266674757003784,1206,0.0180481522956327,-0.001814453125,0.0016888111888111888,12857.14
19.29202389717102,1204,0.0180481522956327,-0.00180703125,0.0016888111888111888,11428.57
19.31252098083496,1202,0.016334826427771558,-0.00180703125,0.0016888111888111888,12380.95
19.336936473846436,1199,0.016334826427771558,-0.00180703125,0.0016804195804195805,12380.95
19.357415437698364,1197,0.016334826427771558,-0.00180703125,0.0016804195804195805,12857.14
19.377947092056274,1196,0.016334826427771558,-0.0018,0.0016804195804195805,13333.33
19.40231204032898,1193,0.016334826427771558,-0.0018,0.0016804195804195805,10476.19
19.423019886016846,1191,0.014621500559910414,-0.0018,0.0016723776223776224,12380.95
19.44330382347107,1189,0.014621500559910414,-0.0018,0.0016723776223776224,11428.57
19.46770477294922,1187,0.014621500559910414,-0.00179453125,0.0016723776223776224,12857.14
19.488201379776,1185,0.014621500559910414,-0.00179453125,0.0016723776223776224,10952.38
19.512818574905396,1183,0.012975363941769317,-0.00179453125,0.0016643356643356642,11904.76
19.533159732818604,1181,0.012975363941769317,-0.00179453125,0.0016643356643356642,10000.0
19.553653478622437,1179,0.012975363941769317,-0.001790625,0.0016643356643356642,10952.38
19.57799196243286,1177,0.012975363941769317,-0.001790625,0.0016643356643356642,10476.19
19.598709106445312,1175,0.012975363941769317,-0.001790625,0.0016566433566433567,11428.57
19.61919641494751,1173,0.011385218365061591,-0.001790625,0.0016566433566433567,10000.0
19.644378185272217,1171,0.011385218365061591,-0.00178359375,0.0016566433566433567,11428.57
19.663883686065674,1169,0.011385218365061591,-0.00178359375,0.0016566433566433567,10476.19
19.68927502632141,1167,0.011385218365061591,-0.00178359375,0.0016482517482517482,11428.57
19.709778547286987,1165,0.00983986562150056,-0.00178359375,0.0016482517482517482,9523.81
19.730267763137817,1163,0.00983986562150056,-0.00177578125,0.0016482517482517482,11428.57
19.754847764968872,1160,0.00983986562150056,-0.00177578125,0.0016482517482517482,10000.0
19.775216579437256,1159,0.00983986562150056,-0.00177578125,0.0016409090909090909,10476.19
19.799610376358032,1156,0.00983986562150056,-0.00177578125,0.0016409090909090909,10952.38
19.820054531097412,1154,0.008305711086226204,-0.001767578125,0.0016409090909090909,10476.19
19.840757131576538,1152,0.008305711086226204,-0.001767578125,0.0016409090909090909,10000.0
19.865007638931274,1150,0.008305711086226204,-0.001767578125,0.0016409090909090909,10476.19
19.885501861572266,1148,0.008305711086226204,-0.001767578125,0.0016335664335664335,10476.19
19.905994415283203,1146,0.006793952967525196,-0.001760546875,0.0016335664335664335,9523.81
19.930331707000732,1144,0.006793952967525196,-0.001760546875,0.0016335664335664335,9523.81
19.95089340209961,1142,0.006793952967525196,-0.001760546875,0.0016335664335664335,8571.43
19.976200819015503,1140,0.006793952967525196,-0.001760546875,0.001626923076923077,9523.81
19.996696710586548,1138,0.006793952967525196,-0.0017546875,0.001626923076923077,9047.62
20.01621651649475,1136,0.005270996640537514,-0.0017546875,0.001626923076923077,9523.81
20.041610717773438,1134,0.005270996640537514,-0.0017546875,0.001626923076923077,8571.43
20.06212306022644,1132,0.005270996640537514,-0.0017546875,0.0016199300699300699,9523.81
20.082605123519897,1130,0.005270996640537514,-0.001748046875,0.0016199300699300699,7619.05
20.10698437690735,1128,0.003837625979843225,-0.001748046875,0.0016199300699300699,8571.43
20.127482414245605,1126,0.003837625979843225,-0.001748046875,0.0016199300699300699,8095.24
20.151941061019897,1123,0.003837625979843225,-0.001748046875,0.0016125874125874125,8571.43
20.17237615585327,1122,0.003837625979843225,-0.001740625,0.0016125874125874125,8095.24
20.19308853149414,1120,0.003837625979843225,-0.001740625,0.0016125874125874125,8571.43
20.217366695404053,1117,0.002482642777155655,-0.001740625,0.0016125874125874125,8095.24
20.23783254623413,1115,0.002482642777155655,-0.001740625,0.001605944055944056,8095.24
20.258327960968018,1114,0.002482642777155655,-0.001733203125,0.001605944055944056,7142.86
20.282887935638428,1111,0.002482642777155655,-0.001733203125,0.001605944055944056,7619.05
20.30336833000183,1109,0.0011276595744680851,-0.001733203125,0.001605944055944056,6666.67
20.327560424804688,1107,0.0011276595744680851,-0.001733203125,0.001605944055944056,8095.24
20.348275184631348,1105,0.0011276595744680851,-0.0017265625,0.0015996503496503497,7619.05
20.368621587753296,1103,0.0011276595744680851,-0.0017265625,0.0015996503496503497,6666.67
20.392956495285034,1101,0.0011276595744680851,-0.0017265625,0.0015996503496503497,6666.67
20.414425134658813,1099,-0.00013773796192609179,-0.0017265625,0.0015996503496503497,6818.18
20.438857793807983,1097,-0.00013773796192609179,-0.00171953125,0.0015937062937062937,5714.29
20.459331274032593,1095,-0.00013773796192609179,-0.00171953125,0.0015937062937062937,6190.48
20.479816436767578,1093,-0.00013773796192609179,-0.00171953125,0.0015937062937062937,6190.48
20.50421690940857,1091,-0.0013583426651735723,-0.00171953125,0.0015937062937062937,5238.1
20.524711847305298,1089,-0.0013583426651735723,-0.001712890625,0.0015874125874125874,6666.67
20.54521107673645,1087,-0.0013583426651735723,-0.001712890625,0.0015874125874125874,6666.67
20.569824934005737,1085,-0.0013583426651735723,-0.001712890625,0.0015874125874125874,6666.67
20.590131759643555,1083,-0.0013583426651735723,-0.001712890625,0.0015874125874125874,5238.1
20.614508390426636,1080,-0.0024557670772676374,-0.00170625,0.0015814685314685314,5238.1
20.63521409034729,1078,-0.0024557670772676374,-0.00170625,0.0015814685314685314,6666.67
20.65571165084839,1077,-0.0024557670772676374,-0.00170625,0.0015814685314685314,5238.1
20.67990016937256,1074,-0.0024557670772676374,-0.00170625,0.0015814685314685314,5238.1
20.70060896873474,1072,-0.003530795072788354,-0.001698828125,0.0015762237762237763,5238.1
20.72110080718994,1070,-0.003530795072788354,-0.001698828125,0.0015762237762237763,5714.29
20.746291160583496,1068,-0.003530795072788354,-0.001698828125,0.0015762237762237763,5238.1
20.765888214111328,1066,-0.003530795072788354,-0.001698828125,0.0015762237762237763,5238.1
20.791160345077515,1064,-0.003530795072788354,-0.001692578125,0.001570979020979021,4285.71
20.811657190322876,1062,-0.0045946248600223965,-0.001692578125,0.001570979020979021,4761.9
20.832152366638184,1060,-0.0045946248600223965,-0.001692578125,0.001570979020979021,4761.9
20.85655450820923,1058,-0.0045946248600223965,-0.001692578125,0.001570979020979021,3809.52
20.877145290374756,1056,-0.0045946248600223965,-0.00168828125,0.001570979020979021,4761.9
20.897544145584106,1054,-0.00558006718924972,-0.00168828125,0.0015657342657342658,4761.9
20.921944856643677,1052,-0.00558006718924972,-0.00168828125,0.0015657342657342658,4285.71
20.94265913963318,1050,-0.00558006718924972,-0.00168828125,0.0015657342657342658,4761.9
20.967060327529907,1048,-0.00558006718924972,-0.00168125,0.0015657342657342658,3333.33
20.98734188079834,1046,-0.00558006718924972,-0.00168125,0.0015604895104895104,4285.71
21.007896900177002,1044,-0.00647592385218365,-0.00168125,0.0015604895104895104,4761.9
21.032297611236572,1041,-0.00647592385218365,-0.00168125,0.0015604895104895104,3809.52
21.052747011184692,1040,-0.00647592385218365,-0.00167265625,0.0015604895104895104,3809.52
21.077129125595093,1037,-0.00647592385218365,-0.00167265625,0.0015545454545454545,3809.52
21.09769320487976,1035,-0.007349384098544232,-0.00167265625,0.0015545454545454545,3333.33
21.118181228637695,1033,-0.007349384098544232,-0.00167265625,0.0015545454545454545,1904.76
21.14258909225464,1031,-0.007349384098544232,-0.00166640625,0.0015545454545454545,2380.95
21.16399359703064,1029,-0.007349384098544232,-0.00166640625,0.001548951048951049,1904.76
21.183582305908203,1027,-0.007349384098544232,-0.00166640625,0.001548951048951049,2857.14
21.2088885307312,1025,-0.008144456886898096,-0.00166640625,0.001548951048951049,3333.33
21.229416847229004,1023,-0.008144456886898096,-0.001661328125,0.001548951048951049,1904.76
21.2539484500885,1021,-0.008144456886898096,-0.001661328125,0.0015444055944055944,2380.95
21.274280548095703,1019,-0.008144456886898096,-0.001661328125,0.0015444055944055944,3809.52
21.294776678085327,1017,-0.00891713325867861,-0.001661328125,0.0015444055944055944,1904.76
21.319379568099976,1015,-0.00891713325867861,-0.001658203125,0.0015444055944055944,2857.14
21.33988904953003,1013,-0.00891713325867861,-0.001658203125,0.0015398601398601398,952.38
21.36016845703125,1011,-0.00891713325867861,-0.001658203125,0.0015398601398601398,952.38
21.38478708267212,1009,-0.00891713325867861,-0.001658203125,0.0015398601398601398,1428.57
21.405064344406128,1007,-0.009600223964165733,-0.0016546875,0.0015398601398601398,1428.57
21.429537057876587,1004,-0.009600223964165733,-0.0016546875,0.0015398601398601398,952.38
21.450028657913208,1003,-0.009600223964165733,-0.0016546875,0.001536013986013986,952.38
21.470460414886475,1001,-0.009600223964165733,-0.0016546875,0.001536013986013986,0.0
21.495075225830078,1001,-0.010249720044792833,-0.001650390625,0.001536013986013986,0.0
21.515353679656982,1001,-0.010249720044792833,-0.001650390625,0.001536013986013986,0.0
21.535877227783203,1001,-0.010249720044792833,-0.001650390625,0.0015325174825174825,0.0
21.560272455215454,1001,-0.010249720044792833,-0.001650390625,0.0015325174825174825,0.0
21.58077073097229,1001,-0.010249720044792833,-0.001645703125,0.0015325174825174825,0.0
21.60612654685974,1001,-0.010798432250839865,-0.001645703125,0.0015325174825174825,0.0
21.626648426055908,1001,-0.010798432250839865,-0.001645703125,0.0015286713286713288,0.0
21.647136926651,1001,-0.010798432250839865,-0.001645703125,0.0015286713286713288,0.0
21.671512842178345,1001,-0.010798432250839865,-0.001641015625,0.0015286713286713288,0.0
21.69200897216797,1001,-0.011291153415453527,-0.001641015625,0.0015286713286713288,0.0
21.712505340576172,1001,-0.011291153415453527,-0.001641015625,0.0015255244755244756,0.0
21.73694086074829,1001,-0.011291153415453527,-0.001641015625,0.0015255244755244756,0.0
21.75740122795105,1001,-0.011291153415453527,-0.001638671875,0.0015255244755244756,0.0
21.782020092010498,1001,-0.011291153415453527,-0.001638671875,0.0015255244755244756,0.0
21.80230140686035,1001,-0.011716685330347145,-0.001638671875,0.0015244755244755244,0.0
21.82279348373413,1001,-0.011716685330347145,-0.001638671875,0.0015244755244755244,0.0
21.84725856781006,1001,-0.011716685330347145,-0.001638671875,0.0015244755244755244,0.0
21.867913246154785,1001,-0.011716685330347145,-0.001638671875,0.0015244755244755244,0.0
21.89209270477295,1001,-0.012075027995520717,-0.001638671875,0.0015244755244755244,0.0
21.91280221939087,1001,-0.012075027995520717,-0.001638671875,0.0015244755244755244,0.0
21.934075593948364,1001,-0.012075027995520717,-0.0016390625,0.0015244755244755244,0.0
21.95845675468445,1001,-0.012075027995520717,-0.0016390625,0.0015244755244755244,0.0
21.97895383834839,1001,-0.012075027995520717,-0.0016390625,0.0015244755244755244,0.0
21.998544216156006,1001,-0.012422172452407614,-0.0016390625,0.0015244755244755244,0.0
22.023949146270752,1001,-0.012422172452407614,-0.001640625,0.0015244755244755244,0.0
22.044345140457153,1001,-0.012422172452407614,-0.001640625,0.0015244755244755244,0.0
22.068966388702393,1001,-0.012422172452407614,-0.001640625,0.0015244755244755244,0.0
22.089242458343506,1001,-0.012713325867861142,-0.001640625,0.0015251748251748252,0.0
22.109957218170166,1001,-0.012713325867861142,-0.001641015625,0.0015251748251748252,0.0
22.13413715362549,1001,-0.012713325867861142,-0.001641015625,0.0015251748251748252,0.0
22.154649019241333,1001,-0.012713325867861142,-0.001641015625,0.0015251748251748252,0.0
22.17513370513916,1001,-0.012713325867861142,-0.001641015625,0.001526923076923077,0.0
22.199750900268555,1001,-0.012993281075027995,-0.001641015625,0.001526923076923077,0.0
22.220057010650635,1001,-0.012993281075027995,-0.001641015625,0.001526923076923077,0.0
22.244645595550537,1001,-0.012993281075027995,-0.001641015625,0.001526923076923077,0.0
22.26492166519165,1001,-0.012993281075027995,-0.001641015625,0.0015286713286713288,0.0
22.285630702972412,1001,-0.013217245240761477,-0.00163984375,0.0015286713286713288,0.0
22.309820890426636,1001,-0.013217245240761477,-0.00163984375,0.0015286713286713288,0.0
22.331315279006958,1001,-0.013217245240761477,-0.00163984375,0.0015286713286713288,0.0
22.351804494857788,1001,-0.013217245240761477,-0.00163828125,0.0015283216783216784,0.0
22.37618660926819,1001,-0.013217245240761477,-0.00163828125,0.0015283216783216784,0.0
22.396681308746338,1001,-0.013374020156774916,-0.00163828125,0.0015283216783216784,0.0
22.421081066131592,1001,-0.013374020156774916,-0.00163828125,0.0015283216783216784,0.0
22.441578149795532,1001,-0.013374020156774916,-0.00163828125,0.0015283216783216784,0.0
22.46207356452942,1001,-0.013374020156774916,-0.00163828125,0.0015297202797202797,0.0
22.48647403717041,1001,-0.013519596864501679,-0.00163828125,0.0015297202797202797,0.0
22.506969690322876,1001,-0.013519596864501679,-0.00163828125,0.0015297202797202797,0.0
22.531403303146362,1001,-0.013519596864501679,-0.001640625,0.0015297202797202797,0.0
22.551888942718506,1001,-0.013519596864501679,-0.001640625,0.0015307692307692307,0.0
22.572360038757324,1001,-0.013519596864501679,-0.001640625,0.0015307692307692307,0.0
22.59682822227478,1001,-0.013642777155655095,-0.001640625,0.0015307692307692307,0.0
22.61726140975952,1001,-0.013642777155655095,-0.001642578125,0.0015307692307692307,0.0
22.63775396347046,1001,-0.013642777155655095,-0.001642578125,0.0015325174825174825,0.0
22.663150548934937,1001,-0.013642777155655095,-0.001642578125,0.0015325174825174825,0.0
22.68362593650818,1001,-0.013665173572228443,-0.001642578125,0.0015325174825174825,0.0
22.708025455474854,1001,-0.013665173572228443,-0.001644921875,0.0015325174825174825,0.0
22.728522062301636,1001,-0.013665173572228443,-0.001644921875,0.0015349650349650349,0.0
22.74826145172119,1001,-0.013665173572228443,-0.001644921875,0.0015349650349650349,0.0
22.773417472839355,1001,-0.013665173572228443,-0.001644921875,0.0015349650349650349,0.0
22.7939395904541,1001,-0.013665173572228443,-0.001646875,0.0015349650349650349,0.0
22.81441044807434,1001,-0.013665173572228443,-0.001646875,0.001537062937062937,0.0
22.83880925178528,1001,-0.013665173572228443,-0.001646875,0.001537062937062937,0.0
22.859305143356323,1001,-0.013665173572228443,-0.001646875,0.001537062937062937,0.0
22.883920192718506,1001,-0.013665173572228443,-0.001648046875,0.001537062937062937,0.0
22.904202461242676,1001,-0.013665173572228443,-0.001648046875,0.001537062937062937,0.0
22.924697875976562,1001,-0.013665173572228443,-0.001648046875,0.0015377622377622377,0.0
22.94912362098694,1001,-0.013665173572228443,-0.001648046875,0.0015377622377622377,0.0
22.969624519348145,1001,-0.013665173572228443,-0.00164921875,0.0015377622377622377,0.0
22.990121841430664,1001,-0.013642777155655095,-0.00164921875,0.0015377622377622377,0.0
23.014489889144897,1001,-0.013642777155655095,-0.00164921875,0.0015391608391608393,0.0
